system:index,date,lat,long,vp,.geo
20220101,2022-01-01,34.1326,-118.1272,985.4299926757812,"{""type"":""MultiPoint"",""coordinates"":[]}"
20220102,2022-01-02,34.1326,-118.1272,883.0599975585938,"{""type"":""MultiPoint"",""coordinates"":[]}"
20220103,2022-01-03,34.1326,-118.1272,893.8300170898438,"{""type"":""MultiPoint"",""coordinates"":[]}"
20220104,2022-01-04,34.1326,-118.1272,892.780029296875,"{""type"":""MultiPoint"",""coordinates"":[]}"
20220105,2022-01-05,34.1326,-118.1272,1043.0400390625,"{""type"":""MultiPoint"",""coordinates"":[]}"
20220106,2022-01-06,34.1326,-118.1272,1215.050048828125,"{""type"":""MultiPoint"",""coordinates"":[]}"
20220107,2022-01-07,34.1326,-118.1272,1032.8599853515625,"{""type"":""MultiPoint"",""coordinates"":[]}"
20220108,2022-01-08,34.1326,-118.1272,1067.1199951171875,"{""type"":""MultiPoint"",""coordinates"":[]}"
20220109,2022-01-09,34.1326,-118.1272,1006.6799926757812,"{""type"":""MultiPoint"",""coordinates"":[]}"
20220110,2022-01-10,34.1326,-118.1272,1289.5899658203125,"{""type"":""MultiPoint"",""coordinates"":[]}"
20220111,2022-01-11,34.1326,-118.1272,1279.6800537109375,"{""type"":""MultiPoint"",""coordinates"":[]}"
20220112,2022-01-12,34.1326,-118.1272,1375.199951171875,"{""type"":""MultiPoint"",""coordinates"":[]}"
20220113,2022-01-13,34.1326,-118.1272,1475.8800048828125,"{""type"":""MultiPoint"",""coordinates"":[]}"
20220114,2022-01-14,34.1326,-118.1272,1356.300048828125,"{""type"":""MultiPoint"",""coordinates"":[]}"
20220115,2022-01-15,34.1326,-118.1272,1435.9100341796875,"{""type"":""MultiPoint"",""coordinates"":[]}"
20220116,2022-01-16,34.1326,-118.1272,1546.93994140625,"{""type"":""MultiPoint"",""coordinates"":[]}"
20220117,2022-01-17,34.1326,-118.1272,1463.3699951171875,"{""type"":""MultiPoint"",""coordinates"":[]}"
20220118,2022-01-18,34.1326,-118.1272,1394.93994140625,"{""type"":""MultiPoint"",""coordinates"":[]}"
20220119,2022-01-19,34.1326,-118.1272,1161.0999755859375,"{""type"":""MultiPoint"",""coordinates"":[]}"
20220120,2022-01-20,34.1326,-118.1272,1183.3900146484375,"{""type"":""MultiPoint"",""coordinates"":[]}"
20220121,2022-01-21,34.1326,-118.1272,1184.5699462890625,"{""type"":""MultiPoint"",""coordinates"":[]}"
20220122,2022-01-22,34.1326,-118.1272,1359.2900390625,"{""type"":""MultiPoint"",""coordinates"":[]}"
20220123,2022-01-23,34.1326,-118.1272,1190.4300537109375,"{""type"":""MultiPoint"",""coordinates"":[]}"
20220124,2022-01-24,34.1326,-118.1272,1179.93994140625,"{""type"":""MultiPoint"",""coordinates"":[]}"
20220125,2022-01-25,34.1326,-118.1272,1040.1600341796875,"{""type"":""MultiPoint"",""coordinates"":[]}"
20220126,2022-01-26,34.1326,-118.1272,1019.1699829101562,"{""type"":""MultiPoint"",""coordinates"":[]}"
20220127,2022-01-27,34.1326,-118.1272,1089.530029296875,"{""type"":""MultiPoint"",""coordinates"":[]}"
20220128,2022-01-28,34.1326,-118.1272,1145.6099853515625,"{""type"":""MultiPoint"",""coordinates"":[]}"
20220129,2022-01-29,34.1326,-118.1272,1242.72998046875,"{""type"":""MultiPoint"",""coordinates"":[]}"
20220130,2022-01-30,34.1326,-118.1272,1055.06005859375,"{""type"":""MultiPoint"",""coordinates"":[]}"
20220131,2022-01-31,34.1326,-118.1272,1057.969970703125,"{""type"":""MultiPoint"",""coordinates"":[]}"
20220201,2022-02-01,34.1326,-118.1272,1144.8699951171875,"{""type"":""MultiPoint"",""coordinates"":[]}"
20220202,2022-02-02,34.1326,-118.1272,959.0999755859375,"{""type"":""MultiPoint"",""coordinates"":[]}"
20220203,2022-02-03,34.1326,-118.1272,939.719970703125,"{""type"":""MultiPoint"",""coordinates"":[]}"
20220204,2022-02-04,34.1326,-118.1272,967.4299926757812,"{""type"":""MultiPoint"",""coordinates"":[]}"
20220205,2022-02-05,34.1326,-118.1272,1015.2100219726562,"{""type"":""MultiPoint"",""coordinates"":[]}"
20220206,2022-02-06,34.1326,-118.1272,1183.3699951171875,"{""type"":""MultiPoint"",""coordinates"":[]}"
20220207,2022-02-07,34.1326,-118.1272,1356.22998046875,"{""type"":""MultiPoint"",""coordinates"":[]}"
20220208,2022-02-08,34.1326,-118.1272,1355.5699462890625,"{""type"":""MultiPoint"",""coordinates"":[]}"
20220209,2022-02-09,34.1326,-118.1272,1530.8800048828125,"{""type"":""MultiPoint"",""coordinates"":[]}"
20220210,2022-02-10,34.1326,-118.1272,1857.93994140625,"{""type"":""MultiPoint"",""coordinates"":[]}"
20220211,2022-02-11,34.1326,-118.1272,1652.010009765625,"{""type"":""MultiPoint"",""coordinates"":[]}"
20220212,2022-02-12,34.1326,-118.1272,1598.6400146484375,"{""type"":""MultiPoint"",""coordinates"":[]}"
20220213,2022-02-13,34.1326,-118.1272,1606.800048828125,"{""type"":""MultiPoint"",""coordinates"":[]}"
20220214,2022-02-14,34.1326,-118.1272,1382.31005859375,"{""type"":""MultiPoint"",""coordinates"":[]}"
20220215,2022-02-15,34.1326,-118.1272,1124.6600341796875,"{""type"":""MultiPoint"",""coordinates"":[]}"
20220216,2022-02-16,34.1326,-118.1272,919.72998046875,"{""type"":""MultiPoint"",""coordinates"":[]}"
20220217,2022-02-17,34.1326,-118.1272,1003.7999877929688,"{""type"":""MultiPoint"",""coordinates"":[]}"
20220218,2022-02-18,34.1326,-118.1272,1147.760009765625,"{""type"":""MultiPoint"",""coordinates"":[]}"
20220219,2022-02-19,34.1326,-118.1272,1176.77001953125,"{""type"":""MultiPoint"",""coordinates"":[]}"
20220220,2022-02-20,34.1326,-118.1272,1041.4599609375,"{""type"":""MultiPoint"",""coordinates"":[]}"
20220221,2022-02-21,34.1326,-118.1272,1173.4300537109375,"{""type"":""MultiPoint"",""coordinates"":[]}"
20220222,2022-02-22,34.1326,-118.1272,1043.1700439453125,"{""type"":""MultiPoint"",""coordinates"":[]}"
20220223,2022-02-23,34.1326,-118.1272,834.6300048828125,"{""type"":""MultiPoint"",""coordinates"":[]}"
20220224,2022-02-24,34.1326,-118.1272,743.030029296875,"{""type"":""MultiPoint"",""coordinates"":[]}"
20220225,2022-02-25,34.1326,-118.1272,861.0800170898438,"{""type"":""MultiPoint"",""coordinates"":[]}"
20220226,2022-02-26,34.1326,-118.1272,964.6599731445312,"{""type"":""MultiPoint"",""coordinates"":[]}"
20220227,2022-02-27,34.1326,-118.1272,1068.199951171875,"{""type"":""MultiPoint"",""coordinates"":[]}"
20220228,2022-02-28,34.1326,-118.1272,1340.18994140625,"{""type"":""MultiPoint"",""coordinates"":[]}"
20220301,2022-03-01,34.1326,-118.1272,1444.1199951171875,"{""type"":""MultiPoint"",""coordinates"":[]}"
20220302,2022-03-02,34.1326,-118.1272,1417.22998046875,"{""type"":""MultiPoint"",""coordinates"":[]}"
20220303,2022-03-03,34.1326,-118.1272,1251.699951171875,"{""type"":""MultiPoint"",""coordinates"":[]}"
20220304,2022-03-04,34.1326,-118.1272,1211.7099609375,"{""type"":""MultiPoint"",""coordinates"":[]}"
20220305,2022-03-05,34.1326,-118.1272,990.9500122070312,"{""type"":""MultiPoint"",""coordinates"":[]}"
20220306,2022-03-06,34.1326,-118.1272,845.9500122070312,"{""type"":""MultiPoint"",""coordinates"":[]}"
20220307,2022-03-07,34.1326,-118.1272,943.489990234375,"{""type"":""MultiPoint"",""coordinates"":[]}"
20220308,2022-03-08,34.1326,-118.1272,1061.2099609375,"{""type"":""MultiPoint"",""coordinates"":[]}"
20220309,2022-03-09,34.1326,-118.1272,1059.18994140625,"{""type"":""MultiPoint"",""coordinates"":[]}"
20220310,2022-03-10,34.1326,-118.1272,1228.0400390625,"{""type"":""MultiPoint"",""coordinates"":[]}"
20220311,2022-03-11,34.1326,-118.1272,786.0499877929688,"{""type"":""MultiPoint"",""coordinates"":[]}"
20220312,2022-03-12,34.1326,-118.1272,847.8599853515625,"{""type"":""MultiPoint"",""coordinates"":[]}"
20220313,2022-03-13,34.1326,-118.1272,724.1500244140625,"{""type"":""MultiPoint"",""coordinates"":[]}"
20220314,2022-03-14,34.1326,-118.1272,732.8499755859375,"{""type"":""MultiPoint"",""coordinates"":[]}"
20220315,2022-03-15,34.1326,-118.1272,824.4500122070312,"{""type"":""MultiPoint"",""coordinates"":[]}"
20220316,2022-03-16,34.1326,-118.1272,838.9400024414062,"{""type"":""MultiPoint"",""coordinates"":[]}"
20220317,2022-03-17,34.1326,-118.1272,843.9099731445312,"{""type"":""MultiPoint"",""coordinates"":[]}"
20220318,2022-03-18,34.1326,-118.1272,960.97998046875,"{""type"":""MultiPoint"",""coordinates"":[]}"
20220319,2022-03-19,34.1326,-118.1272,1070.43994140625,"{""type"":""MultiPoint"",""coordinates"":[]}"
20220320,2022-03-20,34.1326,-118.1272,888.5,"{""type"":""MultiPoint"",""coordinates"":[]}"
20220321,2022-03-21,34.1326,-118.1272,747.7899780273438,"{""type"":""MultiPoint"",""coordinates"":[]}"
20220322,2022-03-22,34.1326,-118.1272,820.5599975585938,"{""type"":""MultiPoint"",""coordinates"":[]}"
20220323,2022-03-23,34.1326,-118.1272,1028.4100341796875,"{""type"":""MultiPoint"",""coordinates"":[]}"
20220324,2022-03-24,34.1326,-118.1272,990.8400268554688,"{""type"":""MultiPoint"",""coordinates"":[]}"
20220325,2022-03-25,34.1326,-118.1272,939.3599853515625,"{""type"":""MultiPoint"",""coordinates"":[]}"
20220326,2022-03-26,34.1326,-118.1272,796.3099975585938,"{""type"":""MultiPoint"",""coordinates"":[]}"
20220327,2022-03-27,34.1326,-118.1272,1034.199951171875,"{""type"":""MultiPoint"",""coordinates"":[]}"
20220328,2022-03-28,34.1326,-118.1272,1249.989990234375,"{""type"":""MultiPoint"",""coordinates"":[]}"
20220329,2022-03-29,34.1326,-118.1272,1056.0400390625,"{""type"":""MultiPoint"",""coordinates"":[]}"
20220330,2022-03-30,34.1326,-118.1272,1069.3199462890625,"{""type"":""MultiPoint"",""coordinates"":[]}"
20220331,2022-03-31,34.1326,-118.1272,1407.5799560546875,"{""type"":""MultiPoint"",""coordinates"":[]}"
20220401,2022-04-01,34.1326,-118.1272,717.3300170898438,"{""type"":""MultiPoint"",""coordinates"":[]}"
20220402,2022-04-02,34.1326,-118.1272,980.02001953125,"{""type"":""MultiPoint"",""coordinates"":[]}"
20220403,2022-04-03,34.1326,-118.1272,990.6300048828125,"{""type"":""MultiPoint"",""coordinates"":[]}"
20220404,2022-04-04,34.1326,-118.1272,621.0900268554688,"{""type"":""MultiPoint"",""coordinates"":[]}"
20220405,2022-04-05,34.1326,-118.1272,534.489990234375,"{""type"":""MultiPoint"",""coordinates"":[]}"
20220406,2022-04-06,34.1326,-118.1272,624.3800048828125,"{""type"":""MultiPoint"",""coordinates"":[]}"
20220407,2022-04-07,34.1326,-118.1272,796.1500244140625,"{""type"":""MultiPoint"",""coordinates"":[]}"
20220408,2022-04-08,34.1326,-118.1272,887.8599853515625,"{""type"":""MultiPoint"",""coordinates"":[]}"
20220409,2022-04-09,34.1326,-118.1272,846.1900024414062,"{""type"":""MultiPoint"",""coordinates"":[]}"
20220410,2022-04-10,34.1326,-118.1272,1141.199951171875,"{""type"":""MultiPoint"",""coordinates"":[]}"
20220411,2022-04-11,34.1326,-118.1272,1064.469970703125,"{""type"":""MultiPoint"",""coordinates"":[]}"
20220412,2022-04-12,34.1326,-118.1272,549.8900146484375,"{""type"":""MultiPoint"",""coordinates"":[]}"
20220413,2022-04-13,34.1326,-118.1272,478.8599853515625,"{""type"":""MultiPoint"",""coordinates"":[]}"
20220414,2022-04-14,34.1326,-118.1272,508.8599853515625,"{""type"":""MultiPoint"",""coordinates"":[]}"
20220415,2022-04-15,34.1326,-118.1272,579.2100219726562,"{""type"":""MultiPoint"",""coordinates"":[]}"
20220416,2022-04-16,34.1326,-118.1272,646.760009765625,"{""type"":""MultiPoint"",""coordinates"":[]}"
20220417,2022-04-17,34.1326,-118.1272,567.02001953125,"{""type"":""MultiPoint"",""coordinates"":[]}"
20220418,2022-04-18,34.1326,-118.1272,528.8200073242188,"{""type"":""MultiPoint"",""coordinates"":[]}"
20220419,2022-04-19,34.1326,-118.1272,763.6799926757812,"{""type"":""MultiPoint"",""coordinates"":[]}"
20220420,2022-04-20,34.1326,-118.1272,685.1099853515625,"{""type"":""MultiPoint"",""coordinates"":[]}"
20220421,2022-04-21,34.1326,-118.1272,726.8200073242188,"{""type"":""MultiPoint"",""coordinates"":[]}"
20220422,2022-04-22,34.1326,-118.1272,800.3599853515625,"{""type"":""MultiPoint"",""coordinates"":[]}"
20220423,2022-04-23,34.1326,-118.1272,518.2999877929688,"{""type"":""MultiPoint"",""coordinates"":[]}"
20220424,2022-04-24,34.1326,-118.1272,638.1400146484375,"{""type"":""MultiPoint"",""coordinates"":[]}"
20220425,2022-04-25,34.1326,-118.1272,779.8900146484375,"{""type"":""MultiPoint"",""coordinates"":[]}"
20220426,2022-04-26,34.1326,-118.1272,810.0900268554688,"{""type"":""MultiPoint"",""coordinates"":[]}"
20220427,2022-04-27,34.1326,-118.1272,855.1599731445312,"{""type"":""MultiPoint"",""coordinates"":[]}"
20220428,2022-04-28,34.1326,-118.1272,786.6699829101562,"{""type"":""MultiPoint"",""coordinates"":[]}"
20220429,2022-04-29,34.1326,-118.1272,537.989990234375,"{""type"":""MultiPoint"",""coordinates"":[]}"
20220430,2022-04-30,34.1326,-118.1272,649.7000122070312,"{""type"":""MultiPoint"",""coordinates"":[]}"
20220501,2022-05-01,34.1326,-118.1272,783.0999755859375,"{""type"":""MultiPoint"",""coordinates"":[]}"
20220502,2022-05-02,34.1326,-118.1272,968.2999877929688,"{""type"":""MultiPoint"",""coordinates"":[]}"
20220503,2022-05-03,34.1326,-118.1272,804.7899780273438,"{""type"":""MultiPoint"",""coordinates"":[]}"
20220504,2022-05-04,34.1326,-118.1272,599.5700073242188,"{""type"":""MultiPoint"",""coordinates"":[]}"
20220505,2022-05-05,34.1326,-118.1272,713.4500122070312,"{""type"":""MultiPoint"",""coordinates"":[]}"
20220506,2022-05-06,34.1326,-118.1272,712.3800048828125,"{""type"":""MultiPoint"",""coordinates"":[]}"
20220507,2022-05-07,34.1326,-118.1272,867.3699951171875,"{""type"":""MultiPoint"",""coordinates"":[]}"
20220508,2022-05-08,34.1326,-118.1272,1073.56005859375,"{""type"":""MultiPoint"",""coordinates"":[]}"
20220509,2022-05-09,34.1326,-118.1272,670.4199829101562,"{""type"":""MultiPoint"",""coordinates"":[]}"
20220510,2022-05-10,34.1326,-118.1272,602.0599975585938,"{""type"":""MultiPoint"",""coordinates"":[]}"
20220511,2022-05-11,34.1326,-118.1272,510.54998779296875,"{""type"":""MultiPoint"",""coordinates"":[]}"
20220512,2022-05-12,34.1326,-118.1272,488.0199890136719,"{""type"":""MultiPoint"",""coordinates"":[]}"
20220513,2022-05-13,34.1326,-118.1272,636.9600219726562,"{""type"":""MultiPoint"",""coordinates"":[]}"
20220514,2022-05-14,34.1326,-118.1272,719.0700073242188,"{""type"":""MultiPoint"",""coordinates"":[]}"
20220515,2022-05-15,34.1326,-118.1272,805.510009765625,"{""type"":""MultiPoint"",""coordinates"":[]}"
20220516,2022-05-16,34.1326,-118.1272,858.9199829101562,"{""type"":""MultiPoint"",""coordinates"":[]}"
20220517,2022-05-17,34.1326,-118.1272,733.8800048828125,"{""type"":""MultiPoint"",""coordinates"":[]}"
20220518,2022-05-18,34.1326,-118.1272,738.4500122070312,"{""type"":""MultiPoint"",""coordinates"":[]}"
20220519,2022-05-19,34.1326,-118.1272,957.2000122070312,"{""type"":""MultiPoint"",""coordinates"":[]}"
20220520,2022-05-20,34.1326,-118.1272,1283.4300537109375,"{""type"":""MultiPoint"",""coordinates"":[]}"
20220521,2022-05-21,34.1326,-118.1272,1117.3299560546875,"{""type"":""MultiPoint"",""coordinates"":[]}"
20220522,2022-05-22,34.1326,-118.1272,731.5499877929688,"{""type"":""MultiPoint"",""coordinates"":[]}"
20220523,2022-05-23,34.1326,-118.1272,636.5999755859375,"{""type"":""MultiPoint"",""coordinates"":[]}"
20220524,2022-05-24,34.1326,-118.1272,654.3699951171875,"{""type"":""MultiPoint"",""coordinates"":[]}"
20220525,2022-05-25,34.1326,-118.1272,744.8900146484375,"{""type"":""MultiPoint"",""coordinates"":[]}"
20220526,2022-05-26,34.1326,-118.1272,753.9099731445312,"{""type"":""MultiPoint"",""coordinates"":[]}"
20220527,2022-05-27,34.1326,-118.1272,874.2899780273438,"{""type"":""MultiPoint"",""coordinates"":[]}"
20220528,2022-05-28,34.1326,-118.1272,990.25,"{""type"":""MultiPoint"",""coordinates"":[]}"
20220529,2022-05-29,34.1326,-118.1272,772.6900024414062,"{""type"":""MultiPoint"",""coordinates"":[]}"
20220530,2022-05-30,34.1326,-118.1272,647.4000244140625,"{""type"":""MultiPoint"",""coordinates"":[]}"
20220531,2022-05-31,34.1326,-118.1272,547.8200073242188,"{""type"":""MultiPoint"",""coordinates"":[]}"
20220601,2022-06-01,34.1326,-118.1272,629.219970703125,"{""type"":""MultiPoint"",""coordinates"":[]}"
20220602,2022-06-02,34.1326,-118.1272,634.02001953125,"{""type"":""MultiPoint"",""coordinates"":[]}"
20220603,2022-06-03,34.1326,-118.1272,824.3099975585938,"{""type"":""MultiPoint"",""coordinates"":[]}"
20220604,2022-06-04,34.1326,-118.1272,851.0599975585938,"{""type"":""MultiPoint"",""coordinates"":[]}"
20220605,2022-06-05,34.1326,-118.1272,689.6199951171875,"{""type"":""MultiPoint"",""coordinates"":[]}"
20220606,2022-06-06,34.1326,-118.1272,695.52001953125,"{""type"":""MultiPoint"",""coordinates"":[]}"
20220607,2022-06-07,34.1326,-118.1272,715.9000244140625,"{""type"":""MultiPoint"",""coordinates"":[]}"
20220608,2022-06-08,34.1326,-118.1272,738.1799926757812,"{""type"":""MultiPoint"",""coordinates"":[]}"
20220609,2022-06-09,34.1326,-118.1272,733.4500122070312,"{""type"":""MultiPoint"",""coordinates"":[]}"
20220610,2022-06-10,34.1326,-118.1272,788.3699951171875,"{""type"":""MultiPoint"",""coordinates"":[]}"
20220611,2022-06-11,34.1326,-118.1272,784.760009765625,"{""type"":""MultiPoint"",""coordinates"":[]}"
20220612,2022-06-12,34.1326,-118.1272,691.6599731445312,"{""type"":""MultiPoint"",""coordinates"":[]}"
20220613,2022-06-13,34.1326,-118.1272,816.1699829101562,"{""type"":""MultiPoint"",""coordinates"":[]}"
20220614,2022-06-14,34.1326,-118.1272,713.989990234375,"{""type"":""MultiPoint"",""coordinates"":[]}"
20220615,2022-06-15,34.1326,-118.1272,723.1099853515625,"{""type"":""MultiPoint"",""coordinates"":[]}"
20220616,2022-06-16,34.1326,-118.1272,703.8099975585938,"{""type"":""MultiPoint"",""coordinates"":[]}"
20220617,2022-06-17,34.1326,-118.1272,733.030029296875,"{""type"":""MultiPoint"",""coordinates"":[]}"
20220618,2022-06-18,34.1326,-118.1272,591.1900024414062,"{""type"":""MultiPoint"",""coordinates"":[]}"
20220619,2022-06-19,34.1326,-118.1272,590.1400146484375,"{""type"":""MultiPoint"",""coordinates"":[]}"
20220620,2022-06-20,34.1326,-118.1272,692.5800170898438,"{""type"":""MultiPoint"",""coordinates"":[]}"
20220621,2022-06-21,34.1326,-118.1272,901.969970703125,"{""type"":""MultiPoint"",""coordinates"":[]}"
20220622,2022-06-22,34.1326,-118.1272,806.47998046875,"{""type"":""MultiPoint"",""coordinates"":[]}"
20220623,2022-06-23,34.1326,-118.1272,801.3200073242188,"{""type"":""MultiPoint"",""coordinates"":[]}"
20220624,2022-06-24,34.1326,-118.1272,755.469970703125,"{""type"":""MultiPoint"",""coordinates"":[]}"
20220625,2022-06-25,34.1326,-118.1272,710.1599731445312,"{""type"":""MultiPoint"",""coordinates"":[]}"
20220626,2022-06-26,34.1326,-118.1272,749.9299926757812,"{""type"":""MultiPoint"",""coordinates"":[]}"
20220627,2022-06-27,34.1326,-118.1272,816.97998046875,"{""type"":""MultiPoint"",""coordinates"":[]}"
20220628,2022-06-28,34.1326,-118.1272,888.3900146484375,"{""type"":""MultiPoint"",""coordinates"":[]}"
20220629,2022-06-29,34.1326,-118.1272,792.2100219726562,"{""type"":""MultiPoint"",""coordinates"":[]}"
20220630,2022-06-30,34.1326,-118.1272,769.0999755859375,"{""type"":""MultiPoint"",""coordinates"":[]}"
20220701,2022-07-01,34.1326,-118.1272,747.6500244140625,"{""type"":""MultiPoint"",""coordinates"":[]}"
20220702,2022-07-02,34.1326,-118.1272,714.7899780273438,"{""type"":""MultiPoint"",""coordinates"":[]}"
20220703,2022-07-03,34.1326,-118.1272,661.5399780273438,"{""type"":""MultiPoint"",""coordinates"":[]}"
20220704,2022-07-04,34.1326,-118.1272,654.72998046875,"{""type"":""MultiPoint"",""coordinates"":[]}"
20220705,2022-07-05,34.1326,-118.1272,664.8800048828125,"{""type"":""MultiPoint"",""coordinates"":[]}"
20220706,2022-07-06,34.1326,-118.1272,728.469970703125,"{""type"":""MultiPoint"",""coordinates"":[]}"
20220707,2022-07-07,34.1326,-118.1272,689.4099731445312,"{""type"":""MultiPoint"",""coordinates"":[]}"
20220708,2022-07-08,34.1326,-118.1272,717.010009765625,"{""type"":""MultiPoint"",""coordinates"":[]}"
20220709,2022-07-09,34.1326,-118.1272,707.0999755859375,"{""type"":""MultiPoint"",""coordinates"":[]}"
20220710,2022-07-10,34.1326,-118.1272,745.969970703125,"{""type"":""MultiPoint"",""coordinates"":[]}"
20220711,2022-07-11,34.1326,-118.1272,743.5399780273438,"{""type"":""MultiPoint"",""coordinates"":[]}"
20220712,2022-07-12,34.1326,-118.1272,699.8499755859375,"{""type"":""MultiPoint"",""coordinates"":[]}"
20220713,2022-07-13,34.1326,-118.1272,707.1400146484375,"{""type"":""MultiPoint"",""coordinates"":[]}"
20220714,2022-07-14,34.1326,-118.1272,754.02001953125,"{""type"":""MultiPoint"",""coordinates"":[]}"
20220715,2022-07-15,34.1326,-118.1272,824.0599975585938,"{""type"":""MultiPoint"",""coordinates"":[]}"
20220716,2022-07-16,34.1326,-118.1272,871.6199951171875,"{""type"":""MultiPoint"",""coordinates"":[]}"
20220717,2022-07-17,34.1326,-118.1272,856.3200073242188,"{""type"":""MultiPoint"",""coordinates"":[]}"
20220718,2022-07-18,34.1326,-118.1272,943.6900024414062,"{""type"":""MultiPoint"",""coordinates"":[]}"
20220719,2022-07-19,34.1326,-118.1272,881.9600219726562,"{""type"":""MultiPoint"",""coordinates"":[]}"
20220720,2022-07-20,34.1326,-118.1272,881.22998046875,"{""type"":""MultiPoint"",""coordinates"":[]}"
20220721,2022-07-21,34.1326,-118.1272,839.7899780273438,"{""type"":""MultiPoint"",""coordinates"":[]}"
20220722,2022-07-22,34.1326,-118.1272,782.739990234375,"{""type"":""MultiPoint"",""coordinates"":[]}"
20220723,2022-07-23,34.1326,-118.1272,836.4099731445312,"{""type"":""MultiPoint"",""coordinates"":[]}"
20220724,2022-07-24,34.1326,-118.1272,810.8400268554688,"{""type"":""MultiPoint"",""coordinates"":[]}"
20220725,2022-07-25,34.1326,-118.1272,792.9600219726562,"{""type"":""MultiPoint"",""coordinates"":[]}"
20220726,2022-07-26,34.1326,-118.1272,774.77001953125,"{""type"":""MultiPoint"",""coordinates"":[]}"
20220727,2022-07-27,34.1326,-118.1272,749.8499755859375,"{""type"":""MultiPoint"",""coordinates"":[]}"
20220728,2022-07-28,34.1326,-118.1272,780.6300048828125,"{""type"":""MultiPoint"",""coordinates"":[]}"
20220729,2022-07-29,34.1326,-118.1272,796.739990234375,"{""type"":""MultiPoint"",""coordinates"":[]}"
20220730,2022-07-30,34.1326,-118.1272,840.6599731445312,"{""type"":""MultiPoint"",""coordinates"":[]}"
20220731,2022-07-31,34.1326,-118.1272,922.8099975585938,"{""type"":""MultiPoint"",""coordinates"":[]}"
20220801,2022-08-01,34.1326,-118.1272,931.8699951171875,"{""type"":""MultiPoint"",""coordinates"":[]}"
20220802,2022-08-02,34.1326,-118.1272,874.219970703125,"{""type"":""MultiPoint"",""coordinates"":[]}"
20220803,2022-08-03,34.1326,-118.1272,866.6900024414062,"{""type"":""MultiPoint"",""coordinates"":[]}"
20220804,2022-08-04,34.1326,-118.1272,868.9600219726562,"{""type"":""MultiPoint"",""coordinates"":[]}"
20220805,2022-08-05,34.1326,-118.1272,907.3300170898438,"{""type"":""MultiPoint"",""coordinates"":[]}"
20220806,2022-08-06,34.1326,-118.1272,833.1199951171875,"{""type"":""MultiPoint"",""coordinates"":[]}"
20220807,2022-08-07,34.1326,-118.1272,884.280029296875,"{""type"":""MultiPoint"",""coordinates"":[]}"
20220808,2022-08-08,34.1326,-118.1272,923.469970703125,"{""type"":""MultiPoint"",""coordinates"":[]}"
20220809,2022-08-09,34.1326,-118.1272,1044.0699462890625,"{""type"":""MultiPoint"",""coordinates"":[]}"
20220810,2022-08-10,34.1326,-118.1272,1003.0599975585938,"{""type"":""MultiPoint"",""coordinates"":[]}"
20220811,2022-08-11,34.1326,-118.1272,949.8900146484375,"{""type"":""MultiPoint"",""coordinates"":[]}"
20220812,2022-08-12,34.1326,-118.1272,891.469970703125,"{""type"":""MultiPoint"",""coordinates"":[]}"
20220813,2022-08-13,34.1326,-118.1272,948.9299926757812,"{""type"":""MultiPoint"",""coordinates"":[]}"
20220814,2022-08-14,34.1326,-118.1272,933.5499877929688,"{""type"":""MultiPoint"",""coordinates"":[]}"
20220815,2022-08-15,34.1326,-118.1272,885.4199829101562,"{""type"":""MultiPoint"",""coordinates"":[]}"
20220816,2022-08-16,34.1326,-118.1272,893.489990234375,"{""type"":""MultiPoint"",""coordinates"":[]}"
20220817,2022-08-17,34.1326,-118.1272,909.4199829101562,"{""type"":""MultiPoint"",""coordinates"":[]}"
20220818,2022-08-18,34.1326,-118.1272,846.9600219726562,"{""type"":""MultiPoint"",""coordinates"":[]}"
20220819,2022-08-19,34.1326,-118.1272,833.5700073242188,"{""type"":""MultiPoint"",""coordinates"":[]}"
20220820,2022-08-20,34.1326,-118.1272,840.0800170898438,"{""type"":""MultiPoint"",""coordinates"":[]}"
20220821,2022-08-21,34.1326,-118.1272,823.5,"{""type"":""MultiPoint"",""coordinates"":[]}"
20220822,2022-08-22,34.1326,-118.1272,818.030029296875,"{""type"":""MultiPoint"",""coordinates"":[]}"
20220823,2022-08-23,34.1326,-118.1272,827.9000244140625,"{""type"":""MultiPoint"",""coordinates"":[]}"
20220824,2022-08-24,34.1326,-118.1272,850.0999755859375,"{""type"":""MultiPoint"",""coordinates"":[]}"
20220825,2022-08-25,34.1326,-118.1272,890.010009765625,"{""type"":""MultiPoint"",""coordinates"":[]}"
20220826,2022-08-26,34.1326,-118.1272,856.3200073242188,"{""type"":""MultiPoint"",""coordinates"":[]}"
20220827,2022-08-27,34.1326,-118.1272,799.3599853515625,"{""type"":""MultiPoint"",""coordinates"":[]}"
20220828,2022-08-28,34.1326,-118.1272,811.6500244140625,"{""type"":""MultiPoint"",""coordinates"":[]}"
20220829,2022-08-29,34.1326,-118.1272,778.3699951171875,"{""type"":""MultiPoint"",""coordinates"":[]}"
20220830,2022-08-30,34.1326,-118.1272,863.5700073242188,"{""type"":""MultiPoint"",""coordinates"":[]}"
20220831,2022-08-31,34.1326,-118.1272,1056.1500244140625,"{""type"":""MultiPoint"",""coordinates"":[]}"
20220901,2022-09-01,34.1326,-118.1272,1222.530029296875,"{""type"":""MultiPoint"",""coordinates"":[]}"
20220902,2022-09-02,34.1326,-118.1272,1090.72998046875,"{""type"":""MultiPoint"",""coordinates"":[]}"
20220903,2022-09-03,34.1326,-118.1272,1244.3900146484375,"{""type"":""MultiPoint"",""coordinates"":[]}"
20220904,2022-09-04,34.1326,-118.1272,1354.52001953125,"{""type"":""MultiPoint"",""coordinates"":[]}"
20220905,2022-09-05,34.1326,-118.1272,1199.1199951171875,"{""type"":""MultiPoint"",""coordinates"":[]}"
20220906,2022-09-06,34.1326,-118.1272,1119.4599609375,"{""type"":""MultiPoint"",""coordinates"":[]}"
20220907,2022-09-07,34.1326,-118.1272,1131.3299560546875,"{""type"":""MultiPoint"",""coordinates"":[]}"
20220908,2022-09-08,34.1326,-118.1272,1186.030029296875,"{""type"":""MultiPoint"",""coordinates"":[]}"
20220909,2022-09-09,34.1326,-118.1272,1106.47998046875,"{""type"":""MultiPoint"",""coordinates"":[]}"
20220910,2022-09-10,34.1326,-118.1272,939.8400268554688,"{""type"":""MultiPoint"",""coordinates"":[]}"
20220911,2022-09-11,34.1326,-118.1272,1051.3599853515625,"{""type"":""MultiPoint"",""coordinates"":[]}"
20220912,2022-09-12,34.1326,-118.1272,978.3599853515625,"{""type"":""MultiPoint"",""coordinates"":[]}"
20220913,2022-09-13,34.1326,-118.1272,904.25,"{""type"":""MultiPoint"",""coordinates"":[]}"
20220914,2022-09-14,34.1326,-118.1272,817.2999877929688,"{""type"":""MultiPoint"",""coordinates"":[]}"
20220915,2022-09-15,34.1326,-118.1272,745.489990234375,"{""type"":""MultiPoint"",""coordinates"":[]}"
20220916,2022-09-16,34.1326,-118.1272,715.9099731445312,"{""type"":""MultiPoint"",""coordinates"":[]}"
20220917,2022-09-17,34.1326,-118.1272,727.6199951171875,"{""type"":""MultiPoint"",""coordinates"":[]}"
20220918,2022-09-18,34.1326,-118.1272,694.3499755859375,"{""type"":""MultiPoint"",""coordinates"":[]}"
20220919,2022-09-19,34.1326,-118.1272,657.4400024414062,"{""type"":""MultiPoint"",""coordinates"":[]}"
20220920,2022-09-20,34.1326,-118.1272,696.4400024414062,"{""type"":""MultiPoint"",""coordinates"":[]}"
20220921,2022-09-21,34.1326,-118.1272,672.030029296875,"{""type"":""MultiPoint"",""coordinates"":[]}"
20220922,2022-09-22,34.1326,-118.1272,649.6900024414062,"{""type"":""MultiPoint"",""coordinates"":[]}"
20220923,2022-09-23,34.1326,-118.1272,726.9600219726562,"{""type"":""MultiPoint"",""coordinates"":[]}"
20220924,2022-09-24,34.1326,-118.1272,874.52001953125,"{""type"":""MultiPoint"",""coordinates"":[]}"
20220925,2022-09-25,34.1326,-118.1272,875.489990234375,"{""type"":""MultiPoint"",""coordinates"":[]}"
20220926,2022-09-26,34.1326,-118.1272,928.3900146484375,"{""type"":""MultiPoint"",""coordinates"":[]}"
20220927,2022-09-27,34.1326,-118.1272,946.4299926757812,"{""type"":""MultiPoint"",""coordinates"":[]}"
20220928,2022-09-28,34.1326,-118.1272,919.969970703125,"{""type"":""MultiPoint"",""coordinates"":[]}"
20220929,2022-09-29,34.1326,-118.1272,839.219970703125,"{""type"":""MultiPoint"",""coordinates"":[]}"
20220930,2022-09-30,34.1326,-118.1272,783.2899780273438,"{""type"":""MultiPoint"",""coordinates"":[]}"
20221001,2022-10-01,34.1326,-118.1272,756.5900268554688,"{""type"":""MultiPoint"",""coordinates"":[]}"
20221002,2022-10-02,34.1326,-118.1272,719.0,"{""type"":""MultiPoint"",""coordinates"":[]}"
20221003,2022-10-03,34.1326,-118.1272,693.1900024414062,"{""type"":""MultiPoint"",""coordinates"":[]}"
20221004,2022-10-04,34.1326,-118.1272,752.9000244140625,"{""type"":""MultiPoint"",""coordinates"":[]}"
20221005,2022-10-05,34.1326,-118.1272,767.6599731445312,"{""type"":""MultiPoint"",""coordinates"":[]}"
20221006,2022-10-06,34.1326,-118.1272,777.469970703125,"{""type"":""MultiPoint"",""coordinates"":[]}"
20221007,2022-10-07,34.1326,-118.1272,751.5399780273438,"{""type"":""MultiPoint"",""coordinates"":[]}"
20221008,2022-10-08,34.1326,-118.1272,752.0,"{""type"":""MultiPoint"",""coordinates"":[]}"
20221009,2022-10-09,34.1326,-118.1272,737.9000244140625,"{""type"":""MultiPoint"",""coordinates"":[]}"
20221010,2022-10-10,34.1326,-118.1272,727.0399780273438,"{""type"":""MultiPoint"",""coordinates"":[]}"
20221011,2022-10-11,34.1326,-118.1272,772.2100219726562,"{""type"":""MultiPoint"",""coordinates"":[]}"
20221012,2022-10-12,34.1326,-118.1272,746.52001953125,"{""type"":""MultiPoint"",""coordinates"":[]}"
20221013,2022-10-13,34.1326,-118.1272,713.3900146484375,"{""type"":""MultiPoint"",""coordinates"":[]}"
20221014,2022-10-14,34.1326,-118.1272,1287.3499755859375,"{""type"":""MultiPoint"",""coordinates"":[]}"
20221015,2022-10-15,34.1326,-118.1272,1043.0999755859375,"{""type"":""MultiPoint"",""coordinates"":[]}"
20221016,2022-10-16,34.1326,-118.1272,636.8900146484375,"{""type"":""MultiPoint"",""coordinates"":[]}"
20221017,2022-10-17,34.1326,-118.1272,617.3599853515625,"{""type"":""MultiPoint"",""coordinates"":[]}"
20221018,2022-10-18,34.1326,-118.1272,688.6500244140625,"{""type"":""MultiPoint"",""coordinates"":[]}"
20221019,2022-10-19,34.1326,-118.1272,890.780029296875,"{""type"":""MultiPoint"",""coordinates"":[]}"
20221020,2022-10-20,34.1326,-118.1272,861.3800048828125,"{""type"":""MultiPoint"",""coordinates"":[]}"
20221021,2022-10-21,34.1326,-118.1272,678.219970703125,"{""type"":""MultiPoint"",""coordinates"":[]}"
20221022,2022-10-22,34.1326,-118.1272,667.6199951171875,"{""type"":""MultiPoint"",""coordinates"":[]}"
20221023,2022-10-23,34.1326,-118.1272,561.6099853515625,"{""type"":""MultiPoint"",""coordinates"":[]}"
20221024,2022-10-24,34.1326,-118.1272,495.45001220703125,"{""type"":""MultiPoint"",""coordinates"":[]}"
20221025,2022-10-25,34.1326,-118.1272,528.1099853515625,"{""type"":""MultiPoint"",""coordinates"":[]}"
20221026,2022-10-26,34.1326,-118.1272,517.3900146484375,"{""type"":""MultiPoint"",""coordinates"":[]}"
20221027,2022-10-27,34.1326,-118.1272,523.780029296875,"{""type"":""MultiPoint"",""coordinates"":[]}"
20221028,2022-10-28,34.1326,-118.1272,526.3499755859375,"{""type"":""MultiPoint"",""coordinates"":[]}"
20221029,2022-10-29,34.1326,-118.1272,512.489990234375,"{""type"":""MultiPoint"",""coordinates"":[]}"
20221030,2022-10-30,34.1326,-118.1272,545.6099853515625,"{""type"":""MultiPoint"",""coordinates"":[]}"
20221031,2022-10-31,34.1326,-118.1272,553.4099731445312,"{""type"":""MultiPoint"",""coordinates"":[]}"
20221101,2022-11-01,34.1326,-118.1272,719.8699951171875,"{""type"":""MultiPoint"",""coordinates"":[]}"
20221102,2022-11-02,34.1326,-118.1272,483.9599914550781,"{""type"":""MultiPoint"",""coordinates"":[]}"
20221103,2022-11-03,34.1326,-118.1272,388.8900146484375,"{""type"":""MultiPoint"",""coordinates"":[]}"
20221104,2022-11-04,34.1326,-118.1272,409.3500061035156,"{""type"":""MultiPoint"",""coordinates"":[]}"
20221105,2022-11-05,34.1326,-118.1272,434.6300048828125,"{""type"":""MultiPoint"",""coordinates"":[]}"
20221106,2022-11-06,34.1326,-118.1272,454.32000732421875,"{""type"":""MultiPoint"",""coordinates"":[]}"
20221107,2022-11-07,34.1326,-118.1272,1085.1300048828125,"{""type"":""MultiPoint"",""coordinates"":[]}"
20221108,2022-11-08,34.1326,-118.1272,1233.449951171875,"{""type"":""MultiPoint"",""coordinates"":[]}"
20221109,2022-11-09,34.1326,-118.1272,1102.52001953125,"{""type"":""MultiPoint"",""coordinates"":[]}"
20221110,2022-11-10,34.1326,-118.1272,926.0499877929688,"{""type"":""MultiPoint"",""coordinates"":[]}"
20221111,2022-11-11,34.1326,-118.1272,1050.199951171875,"{""type"":""MultiPoint"",""coordinates"":[]}"
20221112,2022-11-12,34.1326,-118.1272,1078.0899658203125,"{""type"":""MultiPoint"",""coordinates"":[]}"
20221113,2022-11-13,34.1326,-118.1272,1026.6400146484375,"{""type"":""MultiPoint"",""coordinates"":[]}"
20221114,2022-11-14,34.1326,-118.1272,1052.68994140625,"{""type"":""MultiPoint"",""coordinates"":[]}"
20221115,2022-11-15,34.1326,-118.1272,1101.52001953125,"{""type"":""MultiPoint"",""coordinates"":[]}"
20221116,2022-11-16,34.1326,-118.1272,1156.8199462890625,"{""type"":""MultiPoint"",""coordinates"":[]}"
20221117,2022-11-17,34.1326,-118.1272,1138.4100341796875,"{""type"":""MultiPoint"",""coordinates"":[]}"
20221118,2022-11-18,34.1326,-118.1272,1094.3900146484375,"{""type"":""MultiPoint"",""coordinates"":[]}"
20221119,2022-11-19,34.1326,-118.1272,1118.3900146484375,"{""type"":""MultiPoint"",""coordinates"":[]}"
20221120,2022-11-20,34.1326,-118.1272,1109.72998046875,"{""type"":""MultiPoint"",""coordinates"":[]}"
20221121,2022-11-21,34.1326,-118.1272,1252.6800537109375,"{""type"":""MultiPoint"",""coordinates"":[]}"
20221122,2022-11-22,34.1326,-118.1272,1243.5699462890625,"{""type"":""MultiPoint"",""coordinates"":[]}"
20221123,2022-11-23,34.1326,-118.1272,1133.75,"{""type"":""MultiPoint"",""coordinates"":[]}"
20221124,2022-11-24,34.1326,-118.1272,1199.3900146484375,"{""type"":""MultiPoint"",""coordinates"":[]}"
20221125,2022-11-25,34.1326,-118.1272,1254.219970703125,"{""type"":""MultiPoint"",""coordinates"":[]}"
20221126,2022-11-26,34.1326,-118.1272,1147.4100341796875,"{""type"":""MultiPoint"",""coordinates"":[]}"
20221127,2022-11-27,34.1326,-118.1272,1086.31005859375,"{""type"":""MultiPoint"",""coordinates"":[]}"
20221128,2022-11-28,34.1326,-118.1272,1273.449951171875,"{""type"":""MultiPoint"",""coordinates"":[]}"
20221129,2022-11-29,34.1326,-118.1272,1214.72998046875,"{""type"":""MultiPoint"",""coordinates"":[]}"
20221130,2022-11-30,34.1326,-118.1272,1136.47998046875,"{""type"":""MultiPoint"",""coordinates"":[]}"
20221201,2022-12-01,34.1326,-118.1272,1305.780029296875,"{""type"":""MultiPoint"",""coordinates"":[]}"
20221202,2022-12-02,34.1326,-118.1272,1208.72998046875,"{""type"":""MultiPoint"",""coordinates"":[]}"
20221203,2022-12-03,34.1326,-118.1272,1269.8800048828125,"{""type"":""MultiPoint"",""coordinates"":[]}"
20221204,2022-12-04,34.1326,-118.1272,1339.219970703125,"{""type"":""MultiPoint"",""coordinates"":[]}"
20221205,2022-12-05,34.1326,-118.1272,1236.530029296875,"{""type"":""MultiPoint"",""coordinates"":[]}"
20221206,2022-12-06,34.1326,-118.1272,1115.469970703125,"{""type"":""MultiPoint"",""coordinates"":[]}"
20221207,2022-12-07,34.1326,-118.1272,1002.47998046875,"{""type"":""MultiPoint"",""coordinates"":[]}"
20221208,2022-12-08,34.1326,-118.1272,934.780029296875,"{""type"":""MultiPoint"",""coordinates"":[]}"
20221209,2022-12-09,34.1326,-118.1272,896.8400268554688,"{""type"":""MultiPoint"",""coordinates"":[]}"
20221210,2022-12-10,34.1326,-118.1272,975.3200073242188,"{""type"":""MultiPoint"",""coordinates"":[]}"
20221211,2022-12-11,34.1326,-118.1272,992.5499877929688,"{""type"":""MultiPoint"",""coordinates"":[]}"
20221212,2022-12-12,34.1326,-118.1272,887.6699829101562,"{""type"":""MultiPoint"",""coordinates"":[]}"
20221213,2022-12-13,34.1326,-118.1272,834.6300048828125,"{""type"":""MultiPoint"",""coordinates"":[]}"
20221214,2022-12-14,34.1326,-118.1272,858.8900146484375,"{""type"":""MultiPoint"",""coordinates"":[]}"
20221215,2022-12-15,34.1326,-118.1272,962.1500244140625,"{""type"":""MultiPoint"",""coordinates"":[]}"
20221216,2022-12-16,34.1326,-118.1272,1098.68994140625,"{""type"":""MultiPoint"",""coordinates"":[]}"
20221217,2022-12-17,34.1326,-118.1272,967.5499877929688,"{""type"":""MultiPoint"",""coordinates"":[]}"
20221218,2022-12-18,34.1326,-118.1272,951.3099975585938,"{""type"":""MultiPoint"",""coordinates"":[]}"
20221219,2022-12-19,34.1326,-118.1272,929.239990234375,"{""type"":""MultiPoint"",""coordinates"":[]}"
20221220,2022-12-20,34.1326,-118.1272,1087.239990234375,"{""type"":""MultiPoint"",""coordinates"":[]}"
20221221,2022-12-21,34.1326,-118.1272,1136.280029296875,"{""type"":""MultiPoint"",""coordinates"":[]}"
20221222,2022-12-22,34.1326,-118.1272,1190.9599609375,"{""type"":""MultiPoint"",""coordinates"":[]}"
20221223,2022-12-23,34.1326,-118.1272,1142.239990234375,"{""type"":""MultiPoint"",""coordinates"":[]}"
20221224,2022-12-24,34.1326,-118.1272,1318.030029296875,"{""type"":""MultiPoint"",""coordinates"":[]}"
20221225,2022-12-25,34.1326,-118.1272,1626.949951171875,"{""type"":""MultiPoint"",""coordinates"":[]}"
20221226,2022-12-26,34.1326,-118.1272,1552.6199951171875,"{""type"":""MultiPoint"",""coordinates"":[]}"
20221227,2022-12-27,34.1326,-118.1272,1372.030029296875,"{""type"":""MultiPoint"",""coordinates"":[]}"
20221228,2022-12-28,34.1326,-118.1272,1235.4000244140625,"{""type"":""MultiPoint"",""coordinates"":[]}"
20221229,2022-12-29,34.1326,-118.1272,1315.4200439453125,"{""type"":""MultiPoint"",""coordinates"":[]}"
20221230,2022-12-30,34.1326,-118.1272,1396.3699951171875,"{""type"":""MultiPoint"",""coordinates"":[]}"
