system:index,date,lat,long,prcp,.geo
20220101,2022-01-01,34.181977,-118.363036,0.0,"{""type"":""MultiPoint"",""coordinates"":[]}"
20220102,2022-01-02,34.181977,-118.363036,0.0,"{""type"":""MultiPoint"",""coordinates"":[]}"
20220103,2022-01-03,34.181977,-118.363036,0.0,"{""type"":""MultiPoint"",""coordinates"":[]}"
20220104,2022-01-04,34.181977,-118.363036,0.0,"{""type"":""MultiPoint"",""coordinates"":[]}"
20220105,2022-01-05,34.181977,-118.363036,0.0,"{""type"":""MultiPoint"",""coordinates"":[]}"
20220106,2022-01-06,34.181977,-118.363036,0.0,"{""type"":""MultiPoint"",""coordinates"":[]}"
20220107,2022-01-07,34.181977,-118.363036,0.0,"{""type"":""MultiPoint"",""coordinates"":[]}"
20220108,2022-01-08,34.181977,-118.363036,0.0,"{""type"":""MultiPoint"",""coordinates"":[]}"
20220109,2022-01-09,34.181977,-118.363036,0.0,"{""type"":""MultiPoint"",""coordinates"":[]}"
20220110,2022-01-10,34.181977,-118.363036,0.0,"{""type"":""MultiPoint"",""coordinates"":[]}"
20220111,2022-01-11,34.181977,-118.363036,0.0,"{""type"":""MultiPoint"",""coordinates"":[]}"
20220112,2022-01-12,34.181977,-118.363036,0.0,"{""type"":""MultiPoint"",""coordinates"":[]}"
20220113,2022-01-13,34.181977,-118.363036,0.0,"{""type"":""MultiPoint"",""coordinates"":[]}"
20220114,2022-01-14,34.181977,-118.363036,0.0,"{""type"":""MultiPoint"",""coordinates"":[]}"
20220115,2022-01-15,34.181977,-118.363036,0.0,"{""type"":""MultiPoint"",""coordinates"":[]}"
20220116,2022-01-16,34.181977,-118.363036,0.0,"{""type"":""MultiPoint"",""coordinates"":[]}"
20220117,2022-01-17,34.181977,-118.363036,3.430000066757202,"{""type"":""MultiPoint"",""coordinates"":[]}"
20220118,2022-01-18,34.181977,-118.363036,0.0,"{""type"":""MultiPoint"",""coordinates"":[]}"
20220119,2022-01-19,34.181977,-118.363036,0.0,"{""type"":""MultiPoint"",""coordinates"":[]}"
20220120,2022-01-20,34.181977,-118.363036,0.0,"{""type"":""MultiPoint"",""coordinates"":[]}"
20220121,2022-01-21,34.181977,-118.363036,0.0,"{""type"":""MultiPoint"",""coordinates"":[]}"
20220122,2022-01-22,34.181977,-118.363036,0.0,"{""type"":""MultiPoint"",""coordinates"":[]}"
20220123,2022-01-23,34.181977,-118.363036,0.0,"{""type"":""MultiPoint"",""coordinates"":[]}"
20220124,2022-01-24,34.181977,-118.363036,0.0,"{""type"":""MultiPoint"",""coordinates"":[]}"
20220125,2022-01-25,34.181977,-118.363036,0.0,"{""type"":""MultiPoint"",""coordinates"":[]}"
20220126,2022-01-26,34.181977,-118.363036,0.0,"{""type"":""MultiPoint"",""coordinates"":[]}"
20220127,2022-01-27,34.181977,-118.363036,0.0,"{""type"":""MultiPoint"",""coordinates"":[]}"
20220128,2022-01-28,34.181977,-118.363036,0.0,"{""type"":""MultiPoint"",""coordinates"":[]}"
20220129,2022-01-29,34.181977,-118.363036,0.0,"{""type"":""MultiPoint"",""coordinates"":[]}"
20220130,2022-01-30,34.181977,-118.363036,0.0,"{""type"":""MultiPoint"",""coordinates"":[]}"
20220131,2022-01-31,34.181977,-118.363036,0.0,"{""type"":""MultiPoint"",""coordinates"":[]}"
20220201,2022-02-01,34.181977,-118.363036,0.0,"{""type"":""MultiPoint"",""coordinates"":[]}"
20220202,2022-02-02,34.181977,-118.363036,0.0,"{""type"":""MultiPoint"",""coordinates"":[]}"
20220203,2022-02-03,34.181977,-118.363036,0.0,"{""type"":""MultiPoint"",""coordinates"":[]}"
20220204,2022-02-04,34.181977,-118.363036,0.0,"{""type"":""MultiPoint"",""coordinates"":[]}"
20220205,2022-02-05,34.181977,-118.363036,0.0,"{""type"":""MultiPoint"",""coordinates"":[]}"
20220206,2022-02-06,34.181977,-118.363036,0.0,"{""type"":""MultiPoint"",""coordinates"":[]}"
20220207,2022-02-07,34.181977,-118.363036,0.0,"{""type"":""MultiPoint"",""coordinates"":[]}"
20220208,2022-02-08,34.181977,-118.363036,0.0,"{""type"":""MultiPoint"",""coordinates"":[]}"
20220209,2022-02-09,34.181977,-118.363036,0.0,"{""type"":""MultiPoint"",""coordinates"":[]}"
20220210,2022-02-10,34.181977,-118.363036,0.0,"{""type"":""MultiPoint"",""coordinates"":[]}"
20220211,2022-02-11,34.181977,-118.363036,0.0,"{""type"":""MultiPoint"",""coordinates"":[]}"
20220212,2022-02-12,34.181977,-118.363036,0.0,"{""type"":""MultiPoint"",""coordinates"":[]}"
20220213,2022-02-13,34.181977,-118.363036,0.0,"{""type"":""MultiPoint"",""coordinates"":[]}"
20220214,2022-02-14,34.181977,-118.363036,0.0,"{""type"":""MultiPoint"",""coordinates"":[]}"
20220215,2022-02-15,34.181977,-118.363036,0.0,"{""type"":""MultiPoint"",""coordinates"":[]}"
20220216,2022-02-16,34.181977,-118.363036,0.0,"{""type"":""MultiPoint"",""coordinates"":[]}"
20220217,2022-02-17,34.181977,-118.363036,0.0,"{""type"":""MultiPoint"",""coordinates"":[]}"
20220218,2022-02-18,34.181977,-118.363036,0.0,"{""type"":""MultiPoint"",""coordinates"":[]}"
20220219,2022-02-19,34.181977,-118.363036,0.0,"{""type"":""MultiPoint"",""coordinates"":[]}"
20220220,2022-02-20,34.181977,-118.363036,0.0,"{""type"":""MultiPoint"",""coordinates"":[]}"
20220221,2022-02-21,34.181977,-118.363036,0.0,"{""type"":""MultiPoint"",""coordinates"":[]}"
20220222,2022-02-22,34.181977,-118.363036,0.0,"{""type"":""MultiPoint"",""coordinates"":[]}"
20220223,2022-02-23,34.181977,-118.363036,0.0,"{""type"":""MultiPoint"",""coordinates"":[]}"
20220224,2022-02-24,34.181977,-118.363036,0.0,"{""type"":""MultiPoint"",""coordinates"":[]}"
20220225,2022-02-25,34.181977,-118.363036,0.0,"{""type"":""MultiPoint"",""coordinates"":[]}"
20220226,2022-02-26,34.181977,-118.363036,0.0,"{""type"":""MultiPoint"",""coordinates"":[]}"
20220227,2022-02-27,34.181977,-118.363036,0.0,"{""type"":""MultiPoint"",""coordinates"":[]}"
20220228,2022-02-28,34.181977,-118.363036,0.0,"{""type"":""MultiPoint"",""coordinates"":[]}"
20220301,2022-03-01,34.181977,-118.363036,0.0,"{""type"":""MultiPoint"",""coordinates"":[]}"
20220302,2022-03-02,34.181977,-118.363036,0.0,"{""type"":""MultiPoint"",""coordinates"":[]}"
20220303,2022-03-03,34.181977,-118.363036,0.0,"{""type"":""MultiPoint"",""coordinates"":[]}"
20220304,2022-03-04,34.181977,-118.363036,0.0,"{""type"":""MultiPoint"",""coordinates"":[]}"
20220305,2022-03-05,34.181977,-118.363036,1.5099999904632568,"{""type"":""MultiPoint"",""coordinates"":[]}"
20220306,2022-03-06,34.181977,-118.363036,0.0,"{""type"":""MultiPoint"",""coordinates"":[]}"
20220307,2022-03-07,34.181977,-118.363036,0.0,"{""type"":""MultiPoint"",""coordinates"":[]}"
20220308,2022-03-08,34.181977,-118.363036,0.0,"{""type"":""MultiPoint"",""coordinates"":[]}"
20220309,2022-03-09,34.181977,-118.363036,0.0,"{""type"":""MultiPoint"",""coordinates"":[]}"
20220310,2022-03-10,34.181977,-118.363036,0.0,"{""type"":""MultiPoint"",""coordinates"":[]}"
20220311,2022-03-11,34.181977,-118.363036,0.0,"{""type"":""MultiPoint"",""coordinates"":[]}"
20220312,2022-03-12,34.181977,-118.363036,0.0,"{""type"":""MultiPoint"",""coordinates"":[]}"
20220313,2022-03-13,34.181977,-118.363036,0.0,"{""type"":""MultiPoint"",""coordinates"":[]}"
20220314,2022-03-14,34.181977,-118.363036,0.0,"{""type"":""MultiPoint"",""coordinates"":[]}"
20220315,2022-03-15,34.181977,-118.363036,0.0,"{""type"":""MultiPoint"",""coordinates"":[]}"
20220316,2022-03-16,34.181977,-118.363036,0.0,"{""type"":""MultiPoint"",""coordinates"":[]}"
20220317,2022-03-17,34.181977,-118.363036,0.0,"{""type"":""MultiPoint"",""coordinates"":[]}"
20220318,2022-03-18,34.181977,-118.363036,0.0,"{""type"":""MultiPoint"",""coordinates"":[]}"
20220319,2022-03-19,34.181977,-118.363036,0.0,"{""type"":""MultiPoint"",""coordinates"":[]}"
20220320,2022-03-20,34.181977,-118.363036,0.0,"{""type"":""MultiPoint"",""coordinates"":[]}"
20220321,2022-03-21,34.181977,-118.363036,0.0,"{""type"":""MultiPoint"",""coordinates"":[]}"
20220322,2022-03-22,34.181977,-118.363036,0.0,"{""type"":""MultiPoint"",""coordinates"":[]}"
20220323,2022-03-23,34.181977,-118.363036,0.0,"{""type"":""MultiPoint"",""coordinates"":[]}"
20220324,2022-03-24,34.181977,-118.363036,0.0,"{""type"":""MultiPoint"",""coordinates"":[]}"
20220325,2022-03-25,34.181977,-118.363036,0.0,"{""type"":""MultiPoint"",""coordinates"":[]}"
20220326,2022-03-26,34.181977,-118.363036,0.0,"{""type"":""MultiPoint"",""coordinates"":[]}"
20220327,2022-03-27,34.181977,-118.363036,0.0,"{""type"":""MultiPoint"",""coordinates"":[]}"
20220328,2022-03-28,34.181977,-118.363036,23.260000228881836,"{""type"":""MultiPoint"",""coordinates"":[]}"
20220329,2022-03-29,34.181977,-118.363036,0.0,"{""type"":""MultiPoint"",""coordinates"":[]}"
20220330,2022-03-30,34.181977,-118.363036,0.0,"{""type"":""MultiPoint"",""coordinates"":[]}"
20220331,2022-03-31,34.181977,-118.363036,0.0,"{""type"":""MultiPoint"",""coordinates"":[]}"
20220401,2022-04-01,34.181977,-118.363036,0.0,"{""type"":""MultiPoint"",""coordinates"":[]}"
20220402,2022-04-02,34.181977,-118.363036,0.0,"{""type"":""MultiPoint"",""coordinates"":[]}"
20220403,2022-04-03,34.181977,-118.363036,0.0,"{""type"":""MultiPoint"",""coordinates"":[]}"
20220404,2022-04-04,34.181977,-118.363036,0.0,"{""type"":""MultiPoint"",""coordinates"":[]}"
20220405,2022-04-05,34.181977,-118.363036,0.0,"{""type"":""MultiPoint"",""coordinates"":[]}"
20220406,2022-04-06,34.181977,-118.363036,0.0,"{""type"":""MultiPoint"",""coordinates"":[]}"
20220407,2022-04-07,34.181977,-118.363036,0.0,"{""type"":""MultiPoint"",""coordinates"":[]}"
20220408,2022-04-08,34.181977,-118.363036,0.0,"{""type"":""MultiPoint"",""coordinates"":[]}"
20220409,2022-04-09,34.181977,-118.363036,0.0,"{""type"":""MultiPoint"",""coordinates"":[]}"
20220410,2022-04-10,34.181977,-118.363036,0.0,"{""type"":""MultiPoint"",""coordinates"":[]}"
20220411,2022-04-11,34.181977,-118.363036,0.0,"{""type"":""MultiPoint"",""coordinates"":[]}"
20220412,2022-04-12,34.181977,-118.363036,0.0,"{""type"":""MultiPoint"",""coordinates"":[]}"
20220413,2022-04-13,34.181977,-118.363036,0.0,"{""type"":""MultiPoint"",""coordinates"":[]}"
20220414,2022-04-14,34.181977,-118.363036,0.0,"{""type"":""MultiPoint"",""coordinates"":[]}"
20220415,2022-04-15,34.181977,-118.363036,0.0,"{""type"":""MultiPoint"",""coordinates"":[]}"
20220416,2022-04-16,34.181977,-118.363036,0.0,"{""type"":""MultiPoint"",""coordinates"":[]}"
20220417,2022-04-17,34.181977,-118.363036,0.0,"{""type"":""MultiPoint"",""coordinates"":[]}"
20220418,2022-04-18,34.181977,-118.363036,0.0,"{""type"":""MultiPoint"",""coordinates"":[]}"
20220419,2022-04-19,34.181977,-118.363036,0.0,"{""type"":""MultiPoint"",""coordinates"":[]}"
20220420,2022-04-20,34.181977,-118.363036,0.0,"{""type"":""MultiPoint"",""coordinates"":[]}"
20220421,2022-04-21,34.181977,-118.363036,7.650000095367432,"{""type"":""MultiPoint"",""coordinates"":[]}"
20220422,2022-04-22,34.181977,-118.363036,0.0,"{""type"":""MultiPoint"",""coordinates"":[]}"
20220423,2022-04-23,34.181977,-118.363036,0.0,"{""type"":""MultiPoint"",""coordinates"":[]}"
20220424,2022-04-24,34.181977,-118.363036,0.0,"{""type"":""MultiPoint"",""coordinates"":[]}"
20220425,2022-04-25,34.181977,-118.363036,0.0,"{""type"":""MultiPoint"",""coordinates"":[]}"
20220426,2022-04-26,34.181977,-118.363036,0.0,"{""type"":""MultiPoint"",""coordinates"":[]}"
20220427,2022-04-27,34.181977,-118.363036,0.0,"{""type"":""MultiPoint"",""coordinates"":[]}"
20220428,2022-04-28,34.181977,-118.363036,0.0,"{""type"":""MultiPoint"",""coordinates"":[]}"
20220429,2022-04-29,34.181977,-118.363036,0.0,"{""type"":""MultiPoint"",""coordinates"":[]}"
20220430,2022-04-30,34.181977,-118.363036,0.0,"{""type"":""MultiPoint"",""coordinates"":[]}"
20220501,2022-05-01,34.181977,-118.363036,0.0,"{""type"":""MultiPoint"",""coordinates"":[]}"
20220502,2022-05-02,34.181977,-118.363036,0.0,"{""type"":""MultiPoint"",""coordinates"":[]}"
20220503,2022-05-03,34.181977,-118.363036,0.0,"{""type"":""MultiPoint"",""coordinates"":[]}"
20220504,2022-05-04,34.181977,-118.363036,0.0,"{""type"":""MultiPoint"",""coordinates"":[]}"
20220505,2022-05-05,34.181977,-118.363036,0.0,"{""type"":""MultiPoint"",""coordinates"":[]}"
20220506,2022-05-06,34.181977,-118.363036,0.0,"{""type"":""MultiPoint"",""coordinates"":[]}"
20220507,2022-05-07,34.181977,-118.363036,0.0,"{""type"":""MultiPoint"",""coordinates"":[]}"
20220508,2022-05-08,34.181977,-118.363036,0.0,"{""type"":""MultiPoint"",""coordinates"":[]}"
20220509,2022-05-09,34.181977,-118.363036,0.0,"{""type"":""MultiPoint"",""coordinates"":[]}"
20220510,2022-05-10,34.181977,-118.363036,0.0,"{""type"":""MultiPoint"",""coordinates"":[]}"
20220511,2022-05-11,34.181977,-118.363036,0.0,"{""type"":""MultiPoint"",""coordinates"":[]}"
20220512,2022-05-12,34.181977,-118.363036,0.0,"{""type"":""MultiPoint"",""coordinates"":[]}"
20220513,2022-05-13,34.181977,-118.363036,0.0,"{""type"":""MultiPoint"",""coordinates"":[]}"
20220514,2022-05-14,34.181977,-118.363036,0.0,"{""type"":""MultiPoint"",""coordinates"":[]}"
20220515,2022-05-15,34.181977,-118.363036,0.0,"{""type"":""MultiPoint"",""coordinates"":[]}"
20220516,2022-05-16,34.181977,-118.363036,0.0,"{""type"":""MultiPoint"",""coordinates"":[]}"
20220517,2022-05-17,34.181977,-118.363036,0.0,"{""type"":""MultiPoint"",""coordinates"":[]}"
20220518,2022-05-18,34.181977,-118.363036,0.0,"{""type"":""MultiPoint"",""coordinates"":[]}"
20220519,2022-05-19,34.181977,-118.363036,0.0,"{""type"":""MultiPoint"",""coordinates"":[]}"
20220520,2022-05-20,34.181977,-118.363036,0.0,"{""type"":""MultiPoint"",""coordinates"":[]}"
20220521,2022-05-21,34.181977,-118.363036,0.0,"{""type"":""MultiPoint"",""coordinates"":[]}"
20220522,2022-05-22,34.181977,-118.363036,0.0,"{""type"":""MultiPoint"",""coordinates"":[]}"
20220523,2022-05-23,34.181977,-118.363036,0.0,"{""type"":""MultiPoint"",""coordinates"":[]}"
20220524,2022-05-24,34.181977,-118.363036,0.0,"{""type"":""MultiPoint"",""coordinates"":[]}"
20220525,2022-05-25,34.181977,-118.363036,0.0,"{""type"":""MultiPoint"",""coordinates"":[]}"
20220526,2022-05-26,34.181977,-118.363036,0.0,"{""type"":""MultiPoint"",""coordinates"":[]}"
20220527,2022-05-27,34.181977,-118.363036,0.0,"{""type"":""MultiPoint"",""coordinates"":[]}"
20220528,2022-05-28,34.181977,-118.363036,0.0,"{""type"":""MultiPoint"",""coordinates"":[]}"
20220529,2022-05-29,34.181977,-118.363036,0.0,"{""type"":""MultiPoint"",""coordinates"":[]}"
20220530,2022-05-30,34.181977,-118.363036,0.0,"{""type"":""MultiPoint"",""coordinates"":[]}"
20220531,2022-05-31,34.181977,-118.363036,0.0,"{""type"":""MultiPoint"",""coordinates"":[]}"
20220601,2022-06-01,34.181977,-118.363036,0.0,"{""type"":""MultiPoint"",""coordinates"":[]}"
20220602,2022-06-02,34.181977,-118.363036,0.0,"{""type"":""MultiPoint"",""coordinates"":[]}"
20220603,2022-06-03,34.181977,-118.363036,0.0,"{""type"":""MultiPoint"",""coordinates"":[]}"
20220604,2022-06-04,34.181977,-118.363036,0.0,"{""type"":""MultiPoint"",""coordinates"":[]}"
20220605,2022-06-05,34.181977,-118.363036,0.0,"{""type"":""MultiPoint"",""coordinates"":[]}"
20220606,2022-06-06,34.181977,-118.363036,0.0,"{""type"":""MultiPoint"",""coordinates"":[]}"
20220607,2022-06-07,34.181977,-118.363036,0.0,"{""type"":""MultiPoint"",""coordinates"":[]}"
20220608,2022-06-08,34.181977,-118.363036,0.0,"{""type"":""MultiPoint"",""coordinates"":[]}"
20220609,2022-06-09,34.181977,-118.363036,0.0,"{""type"":""MultiPoint"",""coordinates"":[]}"
20220610,2022-06-10,34.181977,-118.363036,0.0,"{""type"":""MultiPoint"",""coordinates"":[]}"
20220611,2022-06-11,34.181977,-118.363036,0.0,"{""type"":""MultiPoint"",""coordinates"":[]}"
20220612,2022-06-12,34.181977,-118.363036,0.0,"{""type"":""MultiPoint"",""coordinates"":[]}"
20220613,2022-06-13,34.181977,-118.363036,0.0,"{""type"":""MultiPoint"",""coordinates"":[]}"
20220614,2022-06-14,34.181977,-118.363036,0.0,"{""type"":""MultiPoint"",""coordinates"":[]}"
20220615,2022-06-15,34.181977,-118.363036,0.0,"{""type"":""MultiPoint"",""coordinates"":[]}"
20220616,2022-06-16,34.181977,-118.363036,0.0,"{""type"":""MultiPoint"",""coordinates"":[]}"
20220617,2022-06-17,34.181977,-118.363036,0.0,"{""type"":""MultiPoint"",""coordinates"":[]}"
20220618,2022-06-18,34.181977,-118.363036,0.0,"{""type"":""MultiPoint"",""coordinates"":[]}"
20220619,2022-06-19,34.181977,-118.363036,0.0,"{""type"":""MultiPoint"",""coordinates"":[]}"
20220620,2022-06-20,34.181977,-118.363036,0.0,"{""type"":""MultiPoint"",""coordinates"":[]}"
20220621,2022-06-21,34.181977,-118.363036,0.0,"{""type"":""MultiPoint"",""coordinates"":[]}"
20220622,2022-06-22,34.181977,-118.363036,0.0,"{""type"":""MultiPoint"",""coordinates"":[]}"
20220623,2022-06-23,34.181977,-118.363036,0.0,"{""type"":""MultiPoint"",""coordinates"":[]}"
20220624,2022-06-24,34.181977,-118.363036,0.0,"{""type"":""MultiPoint"",""coordinates"":[]}"
20220625,2022-06-25,34.181977,-118.363036,0.0,"{""type"":""MultiPoint"",""coordinates"":[]}"
20220626,2022-06-26,34.181977,-118.363036,0.0,"{""type"":""MultiPoint"",""coordinates"":[]}"
20220627,2022-06-27,34.181977,-118.363036,0.0,"{""type"":""MultiPoint"",""coordinates"":[]}"
20220628,2022-06-28,34.181977,-118.363036,0.0,"{""type"":""MultiPoint"",""coordinates"":[]}"
20220629,2022-06-29,34.181977,-118.363036,0.0,"{""type"":""MultiPoint"",""coordinates"":[]}"
20220630,2022-06-30,34.181977,-118.363036,0.0,"{""type"":""MultiPoint"",""coordinates"":[]}"
20220701,2022-07-01,34.181977,-118.363036,0.0,"{""type"":""MultiPoint"",""coordinates"":[]}"
20220702,2022-07-02,34.181977,-118.363036,0.0,"{""type"":""MultiPoint"",""coordinates"":[]}"
20220703,2022-07-03,34.181977,-118.363036,0.0,"{""type"":""MultiPoint"",""coordinates"":[]}"
20220704,2022-07-04,34.181977,-118.363036,0.0,"{""type"":""MultiPoint"",""coordinates"":[]}"
20220705,2022-07-05,34.181977,-118.363036,0.0,"{""type"":""MultiPoint"",""coordinates"":[]}"
20220706,2022-07-06,34.181977,-118.363036,0.0,"{""type"":""MultiPoint"",""coordinates"":[]}"
20220707,2022-07-07,34.181977,-118.363036,0.0,"{""type"":""MultiPoint"",""coordinates"":[]}"
20220708,2022-07-08,34.181977,-118.363036,0.0,"{""type"":""MultiPoint"",""coordinates"":[]}"
20220709,2022-07-09,34.181977,-118.363036,0.0,"{""type"":""MultiPoint"",""coordinates"":[]}"
20220710,2022-07-10,34.181977,-118.363036,0.0,"{""type"":""MultiPoint"",""coordinates"":[]}"
20220711,2022-07-11,34.181977,-118.363036,0.0,"{""type"":""MultiPoint"",""coordinates"":[]}"
20220712,2022-07-12,34.181977,-118.363036,0.0,"{""type"":""MultiPoint"",""coordinates"":[]}"
20220713,2022-07-13,34.181977,-118.363036,0.0,"{""type"":""MultiPoint"",""coordinates"":[]}"
20220714,2022-07-14,34.181977,-118.363036,0.0,"{""type"":""MultiPoint"",""coordinates"":[]}"
20220715,2022-07-15,34.181977,-118.363036,0.0,"{""type"":""MultiPoint"",""coordinates"":[]}"
20220716,2022-07-16,34.181977,-118.363036,0.0,"{""type"":""MultiPoint"",""coordinates"":[]}"
20220717,2022-07-17,34.181977,-118.363036,0.0,"{""type"":""MultiPoint"",""coordinates"":[]}"
20220718,2022-07-18,34.181977,-118.363036,0.0,"{""type"":""MultiPoint"",""coordinates"":[]}"
20220719,2022-07-19,34.181977,-118.363036,0.0,"{""type"":""MultiPoint"",""coordinates"":[]}"
20220720,2022-07-20,34.181977,-118.363036,0.0,"{""type"":""MultiPoint"",""coordinates"":[]}"
20220721,2022-07-21,34.181977,-118.363036,0.0,"{""type"":""MultiPoint"",""coordinates"":[]}"
20220722,2022-07-22,34.181977,-118.363036,0.0,"{""type"":""MultiPoint"",""coordinates"":[]}"
20220723,2022-07-23,34.181977,-118.363036,0.0,"{""type"":""MultiPoint"",""coordinates"":[]}"
20220724,2022-07-24,34.181977,-118.363036,0.0,"{""type"":""MultiPoint"",""coordinates"":[]}"
20220725,2022-07-25,34.181977,-118.363036,0.0,"{""type"":""MultiPoint"",""coordinates"":[]}"
20220726,2022-07-26,34.181977,-118.363036,0.0,"{""type"":""MultiPoint"",""coordinates"":[]}"
20220727,2022-07-27,34.181977,-118.363036,0.0,"{""type"":""MultiPoint"",""coordinates"":[]}"
20220728,2022-07-28,34.181977,-118.363036,0.0,"{""type"":""MultiPoint"",""coordinates"":[]}"
20220729,2022-07-29,34.181977,-118.363036,0.0,"{""type"":""MultiPoint"",""coordinates"":[]}"
20220730,2022-07-30,34.181977,-118.363036,0.0,"{""type"":""MultiPoint"",""coordinates"":[]}"
20220731,2022-07-31,34.181977,-118.363036,0.0,"{""type"":""MultiPoint"",""coordinates"":[]}"
20220801,2022-08-01,34.181977,-118.363036,0.0,"{""type"":""MultiPoint"",""coordinates"":[]}"
20220802,2022-08-02,34.181977,-118.363036,0.0,"{""type"":""MultiPoint"",""coordinates"":[]}"
20220803,2022-08-03,34.181977,-118.363036,0.0,"{""type"":""MultiPoint"",""coordinates"":[]}"
20220804,2022-08-04,34.181977,-118.363036,0.0,"{""type"":""MultiPoint"",""coordinates"":[]}"
20220805,2022-08-05,34.181977,-118.363036,0.0,"{""type"":""MultiPoint"",""coordinates"":[]}"
20220806,2022-08-06,34.181977,-118.363036,0.0,"{""type"":""MultiPoint"",""coordinates"":[]}"
20220807,2022-08-07,34.181977,-118.363036,0.0,"{""type"":""MultiPoint"",""coordinates"":[]}"
20220808,2022-08-08,34.181977,-118.363036,0.0,"{""type"":""MultiPoint"",""coordinates"":[]}"
20220809,2022-08-09,34.181977,-118.363036,0.0,"{""type"":""MultiPoint"",""coordinates"":[]}"
20220810,2022-08-10,34.181977,-118.363036,0.0,"{""type"":""MultiPoint"",""coordinates"":[]}"
20220811,2022-08-11,34.181977,-118.363036,0.0,"{""type"":""MultiPoint"",""coordinates"":[]}"
20220812,2022-08-12,34.181977,-118.363036,0.0,"{""type"":""MultiPoint"",""coordinates"":[]}"
20220813,2022-08-13,34.181977,-118.363036,0.0,"{""type"":""MultiPoint"",""coordinates"":[]}"
20220814,2022-08-14,34.181977,-118.363036,0.0,"{""type"":""MultiPoint"",""coordinates"":[]}"
20220815,2022-08-15,34.181977,-118.363036,0.0,"{""type"":""MultiPoint"",""coordinates"":[]}"
20220816,2022-08-16,34.181977,-118.363036,0.0,"{""type"":""MultiPoint"",""coordinates"":[]}"
20220817,2022-08-17,34.181977,-118.363036,0.0,"{""type"":""MultiPoint"",""coordinates"":[]}"
20220818,2022-08-18,34.181977,-118.363036,0.0,"{""type"":""MultiPoint"",""coordinates"":[]}"
20220819,2022-08-19,34.181977,-118.363036,0.0,"{""type"":""MultiPoint"",""coordinates"":[]}"
20220820,2022-08-20,34.181977,-118.363036,0.0,"{""type"":""MultiPoint"",""coordinates"":[]}"
20220821,2022-08-21,34.181977,-118.363036,0.0,"{""type"":""MultiPoint"",""coordinates"":[]}"
20220822,2022-08-22,34.181977,-118.363036,0.0,"{""type"":""MultiPoint"",""coordinates"":[]}"
20220823,2022-08-23,34.181977,-118.363036,0.0,"{""type"":""MultiPoint"",""coordinates"":[]}"
20220824,2022-08-24,34.181977,-118.363036,0.0,"{""type"":""MultiPoint"",""coordinates"":[]}"
20220825,2022-08-25,34.181977,-118.363036,0.0,"{""type"":""MultiPoint"",""coordinates"":[]}"
20220826,2022-08-26,34.181977,-118.363036,0.0,"{""type"":""MultiPoint"",""coordinates"":[]}"
20220827,2022-08-27,34.181977,-118.363036,0.0,"{""type"":""MultiPoint"",""coordinates"":[]}"
20220828,2022-08-28,34.181977,-118.363036,0.0,"{""type"":""MultiPoint"",""coordinates"":[]}"
20220829,2022-08-29,34.181977,-118.363036,0.0,"{""type"":""MultiPoint"",""coordinates"":[]}"
20220830,2022-08-30,34.181977,-118.363036,0.0,"{""type"":""MultiPoint"",""coordinates"":[]}"
20220831,2022-08-31,34.181977,-118.363036,0.0,"{""type"":""MultiPoint"",""coordinates"":[]}"
20220901,2022-09-01,34.181977,-118.363036,0.0,"{""type"":""MultiPoint"",""coordinates"":[]}"
20220902,2022-09-02,34.181977,-118.363036,0.0,"{""type"":""MultiPoint"",""coordinates"":[]}"
20220903,2022-09-03,34.181977,-118.363036,0.0,"{""type"":""MultiPoint"",""coordinates"":[]}"
20220904,2022-09-04,34.181977,-118.363036,0.0,"{""type"":""MultiPoint"",""coordinates"":[]}"
20220905,2022-09-05,34.181977,-118.363036,0.0,"{""type"":""MultiPoint"",""coordinates"":[]}"
20220906,2022-09-06,34.181977,-118.363036,0.0,"{""type"":""MultiPoint"",""coordinates"":[]}"
20220907,2022-09-07,34.181977,-118.363036,0.0,"{""type"":""MultiPoint"",""coordinates"":[]}"
20220908,2022-09-08,34.181977,-118.363036,0.0,"{""type"":""MultiPoint"",""coordinates"":[]}"
20220909,2022-09-09,34.181977,-118.363036,4.739999771118164,"{""type"":""MultiPoint"",""coordinates"":[]}"
20220910,2022-09-10,34.181977,-118.363036,0.0,"{""type"":""MultiPoint"",""coordinates"":[]}"
20220911,2022-09-11,34.181977,-118.363036,0.0,"{""type"":""MultiPoint"",""coordinates"":[]}"
20220912,2022-09-12,34.181977,-118.363036,0.0,"{""type"":""MultiPoint"",""coordinates"":[]}"
20220913,2022-09-13,34.181977,-118.363036,0.0,"{""type"":""MultiPoint"",""coordinates"":[]}"
20220914,2022-09-14,34.181977,-118.363036,0.0,"{""type"":""MultiPoint"",""coordinates"":[]}"
20220915,2022-09-15,34.181977,-118.363036,0.0,"{""type"":""MultiPoint"",""coordinates"":[]}"
20220916,2022-09-16,34.181977,-118.363036,0.0,"{""type"":""MultiPoint"",""coordinates"":[]}"
20220917,2022-09-17,34.181977,-118.363036,0.0,"{""type"":""MultiPoint"",""coordinates"":[]}"
20220918,2022-09-18,34.181977,-118.363036,0.0,"{""type"":""MultiPoint"",""coordinates"":[]}"
20220919,2022-09-19,34.181977,-118.363036,0.0,"{""type"":""MultiPoint"",""coordinates"":[]}"
20220920,2022-09-20,34.181977,-118.363036,0.0,"{""type"":""MultiPoint"",""coordinates"":[]}"
20220921,2022-09-21,34.181977,-118.363036,0.0,"{""type"":""MultiPoint"",""coordinates"":[]}"
20220922,2022-09-22,34.181977,-118.363036,0.0,"{""type"":""MultiPoint"",""coordinates"":[]}"
20220923,2022-09-23,34.181977,-118.363036,0.0,"{""type"":""MultiPoint"",""coordinates"":[]}"
20220924,2022-09-24,34.181977,-118.363036,0.0,"{""type"":""MultiPoint"",""coordinates"":[]}"
20220925,2022-09-25,34.181977,-118.363036,0.0,"{""type"":""MultiPoint"",""coordinates"":[]}"
20220926,2022-09-26,34.181977,-118.363036,0.0,"{""type"":""MultiPoint"",""coordinates"":[]}"
20220927,2022-09-27,34.181977,-118.363036,0.0,"{""type"":""MultiPoint"",""coordinates"":[]}"
20220928,2022-09-28,34.181977,-118.363036,0.0,"{""type"":""MultiPoint"",""coordinates"":[]}"
20220929,2022-09-29,34.181977,-118.363036,0.0,"{""type"":""MultiPoint"",""coordinates"":[]}"
20220930,2022-09-30,34.181977,-118.363036,0.0,"{""type"":""MultiPoint"",""coordinates"":[]}"
20221001,2022-10-01,34.181977,-118.363036,0.0,"{""type"":""MultiPoint"",""coordinates"":[]}"
20221002,2022-10-02,34.181977,-118.363036,0.0,"{""type"":""MultiPoint"",""coordinates"":[]}"
20221003,2022-10-03,34.181977,-118.363036,0.0,"{""type"":""MultiPoint"",""coordinates"":[]}"
20221004,2022-10-04,34.181977,-118.363036,0.0,"{""type"":""MultiPoint"",""coordinates"":[]}"
20221005,2022-10-05,34.181977,-118.363036,0.0,"{""type"":""MultiPoint"",""coordinates"":[]}"
20221006,2022-10-06,34.181977,-118.363036,0.0,"{""type"":""MultiPoint"",""coordinates"":[]}"
20221007,2022-10-07,34.181977,-118.363036,0.0,"{""type"":""MultiPoint"",""coordinates"":[]}"
20221008,2022-10-08,34.181977,-118.363036,0.0,"{""type"":""MultiPoint"",""coordinates"":[]}"
20221009,2022-10-09,34.181977,-118.363036,0.0,"{""type"":""MultiPoint"",""coordinates"":[]}"
20221010,2022-10-10,34.181977,-118.363036,0.0,"{""type"":""MultiPoint"",""coordinates"":[]}"
20221011,2022-10-11,34.181977,-118.363036,0.0,"{""type"":""MultiPoint"",""coordinates"":[]}"
20221012,2022-10-12,34.181977,-118.363036,0.0,"{""type"":""MultiPoint"",""coordinates"":[]}"
20221013,2022-10-13,34.181977,-118.363036,0.0,"{""type"":""MultiPoint"",""coordinates"":[]}"
20221014,2022-10-14,34.181977,-118.363036,1.5199999809265137,"{""type"":""MultiPoint"",""coordinates"":[]}"
20221015,2022-10-15,34.181977,-118.363036,1.4299999475479126,"{""type"":""MultiPoint"",""coordinates"":[]}"
20221016,2022-10-16,34.181977,-118.363036,0.0,"{""type"":""MultiPoint"",""coordinates"":[]}"
20221017,2022-10-17,34.181977,-118.363036,0.0,"{""type"":""MultiPoint"",""coordinates"":[]}"
20221018,2022-10-18,34.181977,-118.363036,0.0,"{""type"":""MultiPoint"",""coordinates"":[]}"
20221019,2022-10-19,34.181977,-118.363036,0.0,"{""type"":""MultiPoint"",""coordinates"":[]}"
20221020,2022-10-20,34.181977,-118.363036,0.0,"{""type"":""MultiPoint"",""coordinates"":[]}"
20221021,2022-10-21,34.181977,-118.363036,0.0,"{""type"":""MultiPoint"",""coordinates"":[]}"
20221022,2022-10-22,34.181977,-118.363036,0.0,"{""type"":""MultiPoint"",""coordinates"":[]}"
20221023,2022-10-23,34.181977,-118.363036,0.0,"{""type"":""MultiPoint"",""coordinates"":[]}"
20221024,2022-10-24,34.181977,-118.363036,0.0,"{""type"":""MultiPoint"",""coordinates"":[]}"
20221025,2022-10-25,34.181977,-118.363036,0.0,"{""type"":""MultiPoint"",""coordinates"":[]}"
20221026,2022-10-26,34.181977,-118.363036,0.0,"{""type"":""MultiPoint"",""coordinates"":[]}"
20221027,2022-10-27,34.181977,-118.363036,0.0,"{""type"":""MultiPoint"",""coordinates"":[]}"
20221028,2022-10-28,34.181977,-118.363036,0.0,"{""type"":""MultiPoint"",""coordinates"":[]}"
20221029,2022-10-29,34.181977,-118.363036,0.0,"{""type"":""MultiPoint"",""coordinates"":[]}"
20221030,2022-10-30,34.181977,-118.363036,0.0,"{""type"":""MultiPoint"",""coordinates"":[]}"
20221031,2022-10-31,34.181977,-118.363036,0.0,"{""type"":""MultiPoint"",""coordinates"":[]}"
20221101,2022-11-01,34.181977,-118.363036,3.2100000381469727,"{""type"":""MultiPoint"",""coordinates"":[]}"
20221102,2022-11-02,34.181977,-118.363036,3.75,"{""type"":""MultiPoint"",""coordinates"":[]}"
20221103,2022-11-03,34.181977,-118.363036,0.0,"{""type"":""MultiPoint"",""coordinates"":[]}"
20221104,2022-11-04,34.181977,-118.363036,0.0,"{""type"":""MultiPoint"",""coordinates"":[]}"
20221105,2022-11-05,34.181977,-118.363036,0.0,"{""type"":""MultiPoint"",""coordinates"":[]}"
20221106,2022-11-06,34.181977,-118.363036,0.0,"{""type"":""MultiPoint"",""coordinates"":[]}"
20221107,2022-11-07,34.181977,-118.363036,14.260000228881836,"{""type"":""MultiPoint"",""coordinates"":[]}"
20221108,2022-11-08,34.181977,-118.363036,23.139999389648438,"{""type"":""MultiPoint"",""coordinates"":[]}"
20221109,2022-11-09,34.181977,-118.363036,0.0,"{""type"":""MultiPoint"",""coordinates"":[]}"
20221110,2022-11-10,34.181977,-118.363036,0.0,"{""type"":""MultiPoint"",""coordinates"":[]}"
20221111,2022-11-11,34.181977,-118.363036,0.0,"{""type"":""MultiPoint"",""coordinates"":[]}"
20221112,2022-11-12,34.181977,-118.363036,0.0,"{""type"":""MultiPoint"",""coordinates"":[]}"
20221113,2022-11-13,34.181977,-118.363036,0.0,"{""type"":""MultiPoint"",""coordinates"":[]}"
20221114,2022-11-14,34.181977,-118.363036,0.0,"{""type"":""MultiPoint"",""coordinates"":[]}"
20221115,2022-11-15,34.181977,-118.363036,0.0,"{""type"":""MultiPoint"",""coordinates"":[]}"
20221116,2022-11-16,34.181977,-118.363036,0.0,"{""type"":""MultiPoint"",""coordinates"":[]}"
20221117,2022-11-17,34.181977,-118.363036,0.0,"{""type"":""MultiPoint"",""coordinates"":[]}"
20221118,2022-11-18,34.181977,-118.363036,0.0,"{""type"":""MultiPoint"",""coordinates"":[]}"
20221119,2022-11-19,34.181977,-118.363036,0.0,"{""type"":""MultiPoint"",""coordinates"":[]}"
20221120,2022-11-20,34.181977,-118.363036,0.0,"{""type"":""MultiPoint"",""coordinates"":[]}"
20221121,2022-11-21,34.181977,-118.363036,0.0,"{""type"":""MultiPoint"",""coordinates"":[]}"
20221122,2022-11-22,34.181977,-118.363036,0.0,"{""type"":""MultiPoint"",""coordinates"":[]}"
20221123,2022-11-23,34.181977,-118.363036,0.0,"{""type"":""MultiPoint"",""coordinates"":[]}"
20221124,2022-11-24,34.181977,-118.363036,0.0,"{""type"":""MultiPoint"",""coordinates"":[]}"
20221125,2022-11-25,34.181977,-118.363036,0.0,"{""type"":""MultiPoint"",""coordinates"":[]}"
20221126,2022-11-26,34.181977,-118.363036,0.0,"{""type"":""MultiPoint"",""coordinates"":[]}"
20221127,2022-11-27,34.181977,-118.363036,0.0,"{""type"":""MultiPoint"",""coordinates"":[]}"
20221128,2022-11-28,34.181977,-118.363036,0.0,"{""type"":""MultiPoint"",""coordinates"":[]}"
20221129,2022-11-29,34.181977,-118.363036,0.0,"{""type"":""MultiPoint"",""coordinates"":[]}"
20221130,2022-11-30,34.181977,-118.363036,0.0,"{""type"":""MultiPoint"",""coordinates"":[]}"
20221201,2022-12-01,34.181977,-118.363036,1.9500000476837158,"{""type"":""MultiPoint"",""coordinates"":[]}"
20221202,2022-12-02,34.181977,-118.363036,2.9600000381469727,"{""type"":""MultiPoint"",""coordinates"":[]}"
20221203,2022-12-03,34.181977,-118.363036,0.0,"{""type"":""MultiPoint"",""coordinates"":[]}"
20221204,2022-12-04,34.181977,-118.363036,0.0,"{""type"":""MultiPoint"",""coordinates"":[]}"
20221205,2022-12-05,34.181977,-118.363036,0.0,"{""type"":""MultiPoint"",""coordinates"":[]}"
20221206,2022-12-06,34.181977,-118.363036,0.0,"{""type"":""MultiPoint"",""coordinates"":[]}"
20221207,2022-12-07,34.181977,-118.363036,0.0,"{""type"":""MultiPoint"",""coordinates"":[]}"
20221208,2022-12-08,34.181977,-118.363036,0.0,"{""type"":""MultiPoint"",""coordinates"":[]}"
20221209,2022-12-09,34.181977,-118.363036,0.0,"{""type"":""MultiPoint"",""coordinates"":[]}"
20221210,2022-12-10,34.181977,-118.363036,20.670000076293945,"{""type"":""MultiPoint"",""coordinates"":[]}"
20221211,2022-12-11,34.181977,-118.363036,15.180000305175781,"{""type"":""MultiPoint"",""coordinates"":[]}"
20221212,2022-12-12,34.181977,-118.363036,0.0,"{""type"":""MultiPoint"",""coordinates"":[]}"
20221213,2022-12-13,34.181977,-118.363036,0.0,"{""type"":""MultiPoint"",""coordinates"":[]}"
20221214,2022-12-14,34.181977,-118.363036,0.0,"{""type"":""MultiPoint"",""coordinates"":[]}"
20221215,2022-12-15,34.181977,-118.363036,0.0,"{""type"":""MultiPoint"",""coordinates"":[]}"
20221216,2022-12-16,34.181977,-118.363036,0.0,"{""type"":""MultiPoint"",""coordinates"":[]}"
20221217,2022-12-17,34.181977,-118.363036,0.0,"{""type"":""MultiPoint"",""coordinates"":[]}"
20221218,2022-12-18,34.181977,-118.363036,0.0,"{""type"":""MultiPoint"",""coordinates"":[]}"
20221219,2022-12-19,34.181977,-118.363036,0.0,"{""type"":""MultiPoint"",""coordinates"":[]}"
20221220,2022-12-20,34.181977,-118.363036,0.0,"{""type"":""MultiPoint"",""coordinates"":[]}"
20221221,2022-12-21,34.181977,-118.363036,0.0,"{""type"":""MultiPoint"",""coordinates"":[]}"
20221222,2022-12-22,34.181977,-118.363036,0.0,"{""type"":""MultiPoint"",""coordinates"":[]}"
20221223,2022-12-23,34.181977,-118.363036,0.0,"{""type"":""MultiPoint"",""coordinates"":[]}"
20221224,2022-12-24,34.181977,-118.363036,0.0,"{""type"":""MultiPoint"",""coordinates"":[]}"
20221225,2022-12-25,34.181977,-118.363036,0.0,"{""type"":""MultiPoint"",""coordinates"":[]}"
20221226,2022-12-26,34.181977,-118.363036,0.0,"{""type"":""MultiPoint"",""coordinates"":[]}"
20221227,2022-12-27,34.181977,-118.363036,8.899999618530273,"{""type"":""MultiPoint"",""coordinates"":[]}"
20221228,2022-12-28,34.181977,-118.363036,1.190000057220459,"{""type"":""MultiPoint"",""coordinates"":[]}"
20221229,2022-12-29,34.181977,-118.363036,1.100000023841858,"{""type"":""MultiPoint"",""coordinates"":[]}"
20221230,2022-12-30,34.181977,-118.363036,10.670000076293945,"{""type"":""MultiPoint"",""coordinates"":[]}"
