system:index,date,lat,long,ndvi,.geo
2021_01_01,2021-01-01,34.06659,-118.22688,0.21586476266384125,"{""type"":""MultiPoint"",""coordinates"":[]}"
2021_01_02,2021-01-02,34.06659,-118.22688,0.25542494654655457,"{""type"":""MultiPoint"",""coordinates"":[]}"
2021_01_03,2021-01-03,34.06659,-118.22688,0.25375881791114807,"{""type"":""MultiPoint"",""coordinates"":[]}"
2021_01_04,2021-01-04,34.06659,-118.22688,0.21922318637371063,"{""type"":""MultiPoint"",""coordinates"":[]}"
2021_01_05,2021-01-05,34.06659,-118.22688,0.20584498345851898,"{""type"":""MultiPoint"",""coordinates"":[]}"
2021_01_06,2021-01-06,34.06659,-118.22688,0.23246708512306213,"{""type"":""MultiPoint"",""coordinates"":[]}"
2021_01_07,2021-01-07,34.06659,-118.22688,0.19645331799983978,"{""type"":""MultiPoint"",""coordinates"":[]}"
2021_01_08,2021-01-08,34.06659,-118.22688,0.2487867921590805,"{""type"":""MultiPoint"",""coordinates"":[]}"
2021_01_09,2021-01-09,34.06659,-118.22688,0.2193460613489151,"{""type"":""MultiPoint"",""coordinates"":[]}"
2021_01_10,2021-01-10,34.06659,-118.22688,0.09061277657747269,"{""type"":""MultiPoint"",""coordinates"":[]}"
2021_01_11,2021-01-11,34.06659,-118.22688,0.3201550245285034,"{""type"":""MultiPoint"",""coordinates"":[]}"
2021_01_12,2021-01-12,34.06659,-118.22688,0.18201059103012085,"{""type"":""MultiPoint"",""coordinates"":[]}"
2021_01_13,2021-01-13,34.06659,-118.22688,0.02559320442378521,"{""type"":""MultiPoint"",""coordinates"":[]}"
2021_01_14,2021-01-14,34.06659,-118.22688,0.27505332231521606,"{""type"":""MultiPoint"",""coordinates"":[]}"
2021_01_15,2021-01-15,34.06659,-118.22688,0.26671212911605835,"{""type"":""MultiPoint"",""coordinates"":[]}"
2021_01_16,2021-01-16,34.06659,-118.22688,0.2195439636707306,"{""type"":""MultiPoint"",""coordinates"":[]}"
2021_01_17,2021-01-17,34.06659,-118.22688,0.20750989019870758,"{""type"":""MultiPoint"",""coordinates"":[]}"
2021_01_18,2021-01-18,34.06659,-118.22688,0.23104938864707947,"{""type"":""MultiPoint"",""coordinates"":[]}"
2021_01_19,2021-01-19,34.06659,-118.22688,0.24645891785621643,"{""type"":""MultiPoint"",""coordinates"":[]}"
2021_01_20,2021-01-20,34.06659,-118.22688,0.300271213054657,"{""type"":""MultiPoint"",""coordinates"":[]}"
2021_01_21,2021-01-21,34.06659,-118.22688,0.25209841132164,"{""type"":""MultiPoint"",""coordinates"":[]}"
2021_01_22,2021-01-22,34.06659,-118.22688,0.016720296815037727,"{""type"":""MultiPoint"",""coordinates"":[]}"
2021_01_23,2021-01-23,34.06659,-118.22688,-0.01164658647030592,"{""type"":""MultiPoint"",""coordinates"":[]}"
2021_01_24,2021-01-24,34.06659,-118.22688,0.24616459012031555,"{""type"":""MultiPoint"",""coordinates"":[]}"
2021_01_25,2021-01-25,34.06659,-118.22688,0.22029373049736023,"{""type"":""MultiPoint"",""coordinates"":[]}"
2021_01_26,2021-01-26,34.06659,-118.22688,0.24905183911323547,"{""type"":""MultiPoint"",""coordinates"":[]}"
2021_01_27,2021-01-27,34.06659,-118.22688,0.05072545260190964,"{""type"":""MultiPoint"",""coordinates"":[]}"
2021_01_28,2021-01-28,34.06659,-118.22688,0.22761905193328857,"{""type"":""MultiPoint"",""coordinates"":[]}"
2021_01_29,2021-01-29,34.06659,-118.22688,0.006308758165687323,"{""type"":""MultiPoint"",""coordinates"":[]}"
2021_01_30,2021-01-30,34.06659,-118.22688,0.2915840148925781,"{""type"":""MultiPoint"",""coordinates"":[]}"
2021_01_31,2021-01-31,34.06659,-118.22688,0.06587360799312592,"{""type"":""MultiPoint"",""coordinates"":[]}"
2021_02_01,2021-02-01,34.06659,-118.22688,-1.168224262073636E-4,"{""type"":""MultiPoint"",""coordinates"":[]}"
2021_02_02,2021-02-02,34.06659,-118.22688,0.24545453488826752,"{""type"":""MultiPoint"",""coordinates"":[]}"
2021_02_03,2021-02-03,34.06659,-118.22688,0.2525867223739624,"{""type"":""MultiPoint"",""coordinates"":[]}"
2021_02_04,2021-02-04,34.06659,-118.22688,0.2541062831878662,"{""type"":""MultiPoint"",""coordinates"":[]}"
2021_02_05,2021-02-05,34.06659,-118.22688,0.2711329162120819,"{""type"":""MultiPoint"",""coordinates"":[]}"
2021_02_06,2021-02-06,34.06659,-118.22688,0.24864278733730316,"{""type"":""MultiPoint"",""coordinates"":[]}"
2021_02_07,2021-02-07,34.06659,-118.22688,0.2324393391609192,"{""type"":""MultiPoint"",""coordinates"":[]}"
2021_02_08,2021-02-08,34.06659,-118.22688,0.19816723465919495,"{""type"":""MultiPoint"",""coordinates"":[]}"
2021_02_09,2021-02-09,34.06659,-118.22688,0.015077169053256512,"{""type"":""MultiPoint"",""coordinates"":[]}"
2021_02_10,2021-02-10,34.06659,-118.22688,0.016590187326073647,"{""type"":""MultiPoint"",""coordinates"":[]}"
2021_02_11,2021-02-11,34.06659,-118.22688,0.18640775978565216,"{""type"":""MultiPoint"",""coordinates"":[]}"
2021_02_12,2021-02-12,34.06659,-118.22688,0.28383320569992065,"{""type"":""MultiPoint"",""coordinates"":[]}"
2021_02_13,2021-02-13,34.06659,-118.22688,0.03764225170016289,"{""type"":""MultiPoint"",""coordinates"":[]}"
2021_02_14,2021-02-14,34.06659,-118.22688,0.23062138259410858,"{""type"":""MultiPoint"",""coordinates"":[]}"
2021_02_15,2021-02-15,34.06659,-118.22688,0.09614359587430954,"{""type"":""MultiPoint"",""coordinates"":[]}"
2021_02_16,2021-02-16,34.06659,-118.22688,0.22225327789783478,"{""type"":""MultiPoint"",""coordinates"":[]}"
2021_02_17,2021-02-17,34.06659,-118.22688,0.31160610914230347,"{""type"":""MultiPoint"",""coordinates"":[]}"
2021_02_18,2021-02-18,34.06659,-118.22688,,"{""type"":""MultiPoint"",""coordinates"":[]}"
2021_02_19,2021-02-19,34.06659,-118.22688,0.26961860060691833,"{""type"":""MultiPoint"",""coordinates"":[]}"
2021_02_20,2021-02-20,34.06659,-118.22688,0.2612716853618622,"{""type"":""MultiPoint"",""coordinates"":[]}"
2021_02_21,2021-02-21,34.06659,-118.22688,0.29310986399650574,"{""type"":""MultiPoint"",""coordinates"":[]}"
2021_02_22,2021-02-22,34.06659,-118.22688,0.2703840136528015,"{""type"":""MultiPoint"",""coordinates"":[]}"
2021_02_23,2021-02-23,34.06659,-118.22688,0.2560189664363861,"{""type"":""MultiPoint"",""coordinates"":[]}"
2021_02_24,2021-02-24,34.06659,-118.22688,0.32424241304397583,"{""type"":""MultiPoint"",""coordinates"":[]}"
2021_02_25,2021-02-25,34.06659,-118.22688,0.2276744842529297,"{""type"":""MultiPoint"",""coordinates"":[]}"
2021_02_26,2021-02-26,34.06659,-118.22688,0.23038548231124878,"{""type"":""MultiPoint"",""coordinates"":[]}"
2021_02_27,2021-02-27,34.06659,-118.22688,0.26421406865119934,"{""type"":""MultiPoint"",""coordinates"":[]}"
2021_02_28,2021-02-28,34.06659,-118.22688,0.26197364926338196,"{""type"":""MultiPoint"",""coordinates"":[]}"
2021_03_01,2021-03-01,34.06659,-118.22688,0.28845617175102234,"{""type"":""MultiPoint"",""coordinates"":[]}"
2021_03_02,2021-03-02,34.06659,-118.22688,0.28910279273986816,"{""type"":""MultiPoint"",""coordinates"":[]}"
2021_03_03,2021-03-03,34.06659,-118.22688,-0.003607167862355709,"{""type"":""MultiPoint"",""coordinates"":[]}"
2021_03_04,2021-03-04,34.06659,-118.22688,0.2654809057712555,"{""type"":""MultiPoint"",""coordinates"":[]}"
2021_03_05,2021-03-05,34.06659,-118.22688,0.2761545777320862,"{""type"":""MultiPoint"",""coordinates"":[]}"
2021_03_06,2021-03-06,34.06659,-118.22688,0.26344412565231323,"{""type"":""MultiPoint"",""coordinates"":[]}"
2021_03_07,2021-03-07,34.06659,-118.22688,0.006465395912528038,"{""type"":""MultiPoint"",""coordinates"":[]}"
2021_03_08,2021-03-08,34.06659,-118.22688,0.018102914094924927,"{""type"":""MultiPoint"",""coordinates"":[]}"
2021_03_09,2021-03-09,34.06659,-118.22688,0.11417650431394577,"{""type"":""MultiPoint"",""coordinates"":[]}"
2021_03_10,2021-03-10,34.06659,-118.22688,0.30490896105766296,"{""type"":""MultiPoint"",""coordinates"":[]}"
2021_03_11,2021-03-11,34.06659,-118.22688,0.3215590715408325,"{""type"":""MultiPoint"",""coordinates"":[]}"
2021_03_12,2021-03-12,34.06659,-118.22688,0.29707714915275574,"{""type"":""MultiPoint"",""coordinates"":[]}"
2021_03_13,2021-03-13,34.06659,-118.22688,0.2621004581451416,"{""type"":""MultiPoint"",""coordinates"":[]}"
2021_03_14,2021-03-14,34.06659,-118.22688,0.03829144686460495,"{""type"":""MultiPoint"",""coordinates"":[]}"
2021_03_15,2021-03-15,34.06659,-118.22688,0.15710456669330597,"{""type"":""MultiPoint"",""coordinates"":[]}"
2021_03_16,2021-03-16,34.06659,-118.22688,0.2673405408859253,"{""type"":""MultiPoint"",""coordinates"":[]}"
2021_03_17,2021-03-17,34.06659,-118.22688,0.21153846383094788,"{""type"":""MultiPoint"",""coordinates"":[]}"
2021_03_18,2021-03-18,34.06659,-118.22688,0.2411118447780609,"{""type"":""MultiPoint"",""coordinates"":[]}"
2021_03_19,2021-03-19,34.06659,-118.22688,0.2610055208206177,"{""type"":""MultiPoint"",""coordinates"":[]}"
2021_03_20,2021-03-20,34.06659,-118.22688,0.06064654141664505,"{""type"":""MultiPoint"",""coordinates"":[]}"
2021_03_21,2021-03-21,34.06659,-118.22688,0.2585928440093994,"{""type"":""MultiPoint"",""coordinates"":[]}"
2021_03_22,2021-03-22,34.06659,-118.22688,0.23939484357833862,"{""type"":""MultiPoint"",""coordinates"":[]}"
2021_03_23,2021-03-23,34.06659,-118.22688,0.29875028133392334,"{""type"":""MultiPoint"",""coordinates"":[]}"
2021_03_24,2021-03-24,34.06659,-118.22688,0.28207963705062866,"{""type"":""MultiPoint"",""coordinates"":[]}"
2021_03_25,2021-03-25,34.06659,-118.22688,0.03120204620063305,"{""type"":""MultiPoint"",""coordinates"":[]}"
2021_03_26,2021-03-26,34.06659,-118.22688,0.24422360956668854,"{""type"":""MultiPoint"",""coordinates"":[]}"
2021_03_27,2021-03-27,34.06659,-118.22688,0.24109148979187012,"{""type"":""MultiPoint"",""coordinates"":[]}"
2021_03_28,2021-03-28,34.06659,-118.22688,0.27268385887145996,"{""type"":""MultiPoint"",""coordinates"":[]}"
2021_03_29,2021-03-29,34.06659,-118.22688,0.20614829659461975,"{""type"":""MultiPoint"",""coordinates"":[]}"
2021_03_30,2021-03-30,34.06659,-118.22688,0.24522145092487335,"{""type"":""MultiPoint"",""coordinates"":[]}"
2021_03_31,2021-03-31,34.06659,-118.22688,0.22688111662864685,"{""type"":""MultiPoint"",""coordinates"":[]}"
2021_04_01,2021-04-01,34.06659,-118.22688,0.12090470641851425,"{""type"":""MultiPoint"",""coordinates"":[]}"
2021_04_02,2021-04-02,34.06659,-118.22688,0.22874127328395844,"{""type"":""MultiPoint"",""coordinates"":[]}"
2021_04_03,2021-04-03,34.06659,-118.22688,0.24780553579330444,"{""type"":""MultiPoint"",""coordinates"":[]}"
2021_04_04,2021-04-04,34.06659,-118.22688,0.2975265085697174,"{""type"":""MultiPoint"",""coordinates"":[]}"
2021_04_05,2021-04-05,34.06659,-118.22688,0.2208450734615326,"{""type"":""MultiPoint"",""coordinates"":[]}"
2021_04_06,2021-04-06,34.06659,-118.22688,0.2503076493740082,"{""type"":""MultiPoint"",""coordinates"":[]}"
2021_04_07,2021-04-07,34.06659,-118.22688,0.26852142810821533,"{""type"":""MultiPoint"",""coordinates"":[]}"
2021_04_08,2021-04-08,34.06659,-118.22688,0.2415946125984192,"{""type"":""MultiPoint"",""coordinates"":[]}"
2021_04_09,2021-04-09,34.06659,-118.22688,0.2086561620235443,"{""type"":""MultiPoint"",""coordinates"":[]}"
2021_04_10,2021-04-10,34.06659,-118.22688,0.23342002928256989,"{""type"":""MultiPoint"",""coordinates"":[]}"
2021_04_11,2021-04-11,34.06659,-118.22688,0.012178619392216206,"{""type"":""MultiPoint"",""coordinates"":[]}"
2021_04_12,2021-04-12,34.06659,-118.22688,0.05010019987821579,"{""type"":""MultiPoint"",""coordinates"":[]}"
2021_04_13,2021-04-13,34.06659,-118.22688,0.012420347891747952,"{""type"":""MultiPoint"",""coordinates"":[]}"
2021_04_14,2021-04-14,34.06659,-118.22688,0.0640556812286377,"{""type"":""MultiPoint"",""coordinates"":[]}"
2021_04_15,2021-04-15,34.06659,-118.22688,0.193142369389534,"{""type"":""MultiPoint"",""coordinates"":[]}"
2021_04_16,2021-04-16,34.06659,-118.22688,0.27272728085517883,"{""type"":""MultiPoint"",""coordinates"":[]}"
2021_04_17,2021-04-17,34.06659,-118.22688,0.22252191603183746,"{""type"":""MultiPoint"",""coordinates"":[]}"
2021_04_18,2021-04-18,34.06659,-118.22688,0.20947818458080292,"{""type"":""MultiPoint"",""coordinates"":[]}"
2021_04_19,2021-04-19,34.06659,-118.22688,0.22985075414180756,"{""type"":""MultiPoint"",""coordinates"":[]}"
2021_04_20,2021-04-20,34.06659,-118.22688,0.2469850331544876,"{""type"":""MultiPoint"",""coordinates"":[]}"
2021_04_21,2021-04-21,34.06659,-118.22688,0.013501593843102455,"{""type"":""MultiPoint"",""coordinates"":[]}"
2021_04_22,2021-04-22,34.06659,-118.22688,0.010992845520377159,"{""type"":""MultiPoint"",""coordinates"":[]}"
2021_04_23,2021-04-23,34.06659,-118.22688,0.016896875575184822,"{""type"":""MultiPoint"",""coordinates"":[]}"
2021_04_24,2021-04-24,34.06659,-118.22688,0.014132066629827023,"{""type"":""MultiPoint"",""coordinates"":[]}"
2021_04_25,2021-04-25,34.06659,-118.22688,0.09533857554197311,"{""type"":""MultiPoint"",""coordinates"":[]}"
2021_04_26,2021-04-26,34.06659,-118.22688,0.17617866396903992,"{""type"":""MultiPoint"",""coordinates"":[]}"
2021_04_27,2021-04-27,34.06659,-118.22688,0.24334511160850525,"{""type"":""MultiPoint"",""coordinates"":[]}"
2021_04_28,2021-04-28,34.06659,-118.22688,0.22375327348709106,"{""type"":""MultiPoint"",""coordinates"":[]}"
2021_04_29,2021-04-29,34.06659,-118.22688,0.22841158509254456,"{""type"":""MultiPoint"",""coordinates"":[]}"
2021_04_30,2021-04-30,34.06659,-118.22688,0.22900992631912231,"{""type"":""MultiPoint"",""coordinates"":[]}"
2021_05_01,2021-05-01,34.06659,-118.22688,0.10306704789400101,"{""type"":""MultiPoint"",""coordinates"":[]}"
2021_05_02,2021-05-02,34.06659,-118.22688,0.27064985036849976,"{""type"":""MultiPoint"",""coordinates"":[]}"
2021_05_03,2021-05-03,34.06659,-118.22688,0.2402391880750656,"{""type"":""MultiPoint"",""coordinates"":[]}"
2021_05_04,2021-05-04,34.06659,-118.22688,0.1965854912996292,"{""type"":""MultiPoint"",""coordinates"":[]}"
2021_05_05,2021-05-05,34.06659,-118.22688,0.18866710364818573,"{""type"":""MultiPoint"",""coordinates"":[]}"
2021_05_06,2021-05-06,34.06659,-118.22688,0.21787439286708832,"{""type"":""MultiPoint"",""coordinates"":[]}"
2021_05_07,2021-05-07,34.06659,-118.22688,0.07044458389282227,"{""type"":""MultiPoint"",""coordinates"":[]}"
2021_05_08,2021-05-08,34.06659,-118.22688,0.23987387120723724,"{""type"":""MultiPoint"",""coordinates"":[]}"
2021_05_09,2021-05-09,34.06659,-118.22688,0.05197018012404442,"{""type"":""MultiPoint"",""coordinates"":[]}"
2021_05_10,2021-05-10,34.06659,-118.22688,0.011627241037786007,"{""type"":""MultiPoint"",""coordinates"":[]}"
2021_05_11,2021-05-11,34.06659,-118.22688,0.1090184673666954,"{""type"":""MultiPoint"",""coordinates"":[]}"
2021_05_12,2021-05-12,34.06659,-118.22688,0.23868313431739807,"{""type"":""MultiPoint"",""coordinates"":[]}"
2021_05_13,2021-05-13,34.06659,-118.22688,0.035125937312841415,"{""type"":""MultiPoint"",""coordinates"":[]}"
2021_05_14,2021-05-14,34.06659,-118.22688,0.20370961725711823,"{""type"":""MultiPoint"",""coordinates"":[]}"
2021_05_15,2021-05-15,34.06659,-118.22688,0.030869971960783005,"{""type"":""MultiPoint"",""coordinates"":[]}"
2021_05_16,2021-05-16,34.06659,-118.22688,0.0012610340490937233,"{""type"":""MultiPoint"",""coordinates"":[]}"
2021_05_17,2021-05-17,34.06659,-118.22688,0.008143322542309761,"{""type"":""MultiPoint"",""coordinates"":[]}"
2021_05_18,2021-05-18,34.06659,-118.22688,0.230278879404068,"{""type"":""MultiPoint"",""coordinates"":[]}"
2021_05_19,2021-05-19,34.06659,-118.22688,0.18321861326694489,"{""type"":""MultiPoint"",""coordinates"":[]}"
2021_05_20,2021-05-20,34.06659,-118.22688,0.19646289944648743,"{""type"":""MultiPoint"",""coordinates"":[]}"
2021_05_21,2021-05-21,34.06659,-118.22688,0.20250660181045532,"{""type"":""MultiPoint"",""coordinates"":[]}"
2021_05_22,2021-05-22,34.06659,-118.22688,0.23842118680477142,"{""type"":""MultiPoint"",""coordinates"":[]}"
2021_05_23,2021-05-23,34.06659,-118.22688,0.209170863032341,"{""type"":""MultiPoint"",""coordinates"":[]}"
2021_05_24,2021-05-24,34.06659,-118.22688,0.23623624444007874,"{""type"":""MultiPoint"",""coordinates"":[]}"
2021_05_25,2021-05-25,34.06659,-118.22688,0.2269483208656311,"{""type"":""MultiPoint"",""coordinates"":[]}"
2021_05_26,2021-05-26,34.06659,-118.22688,0.22083225846290588,"{""type"":""MultiPoint"",""coordinates"":[]}"
2021_05_27,2021-05-27,34.06659,-118.22688,0.21517029404640198,"{""type"":""MultiPoint"",""coordinates"":[]}"
2021_05_28,2021-05-28,34.06659,-118.22688,0.2083333283662796,"{""type"":""MultiPoint"",""coordinates"":[]}"
2021_05_29,2021-05-29,34.06659,-118.22688,0.020450972020626068,"{""type"":""MultiPoint"",""coordinates"":[]}"
2021_05_30,2021-05-30,34.06659,-118.22688,0.13694117963314056,"{""type"":""MultiPoint"",""coordinates"":[]}"
2021_05_31,2021-05-31,34.06659,-118.22688,0.23156853020191193,"{""type"":""MultiPoint"",""coordinates"":[]}"
2021_06_01,2021-06-01,34.06659,-118.22688,0.23522242903709412,"{""type"":""MultiPoint"",""coordinates"":[]}"
2021_06_02,2021-06-02,34.06659,-118.22688,0.26345133781433105,"{""type"":""MultiPoint"",""coordinates"":[]}"
2021_06_03,2021-06-03,34.06659,-118.22688,0.22823147475719452,"{""type"":""MultiPoint"",""coordinates"":[]}"
2021_06_04,2021-06-04,34.06659,-118.22688,0.2360514998435974,"{""type"":""MultiPoint"",""coordinates"":[]}"
2021_06_05,2021-06-05,34.06659,-118.22688,0.24605172872543335,"{""type"":""MultiPoint"",""coordinates"":[]}"
2021_06_06,2021-06-06,34.06659,-118.22688,0.21967655420303345,"{""type"":""MultiPoint"",""coordinates"":[]}"
2021_06_07,2021-06-07,34.06659,-118.22688,0.004783572629094124,"{""type"":""MultiPoint"",""coordinates"":[]}"
2021_06_08,2021-06-08,34.06659,-118.22688,0.22165605425834656,"{""type"":""MultiPoint"",""coordinates"":[]}"
2021_06_09,2021-06-09,34.06659,-118.22688,0.25996893644332886,"{""type"":""MultiPoint"",""coordinates"":[]}"
2021_06_10,2021-06-10,34.06659,-118.22688,0.24533480405807495,"{""type"":""MultiPoint"",""coordinates"":[]}"
2021_06_11,2021-06-11,34.06659,-118.22688,0.22375619411468506,"{""type"":""MultiPoint"",""coordinates"":[]}"
2021_06_12,2021-06-12,34.06659,-118.22688,0.22575758397579193,"{""type"":""MultiPoint"",""coordinates"":[]}"
2021_06_13,2021-06-13,34.06659,-118.22688,0.229514017701149,"{""type"":""MultiPoint"",""coordinates"":[]}"
2021_06_14,2021-06-14,34.06659,-118.22688,0.20695173740386963,"{""type"":""MultiPoint"",""coordinates"":[]}"
2021_06_15,2021-06-15,34.06659,-118.22688,0.24421769380569458,"{""type"":""MultiPoint"",""coordinates"":[]}"
2021_06_16,2021-06-16,34.06659,-118.22688,0.2255319058895111,"{""type"":""MultiPoint"",""coordinates"":[]}"
2021_06_17,2021-06-17,34.06659,-118.22688,0.2361954301595688,"{""type"":""MultiPoint"",""coordinates"":[]}"
2021_06_18,2021-06-18,34.06659,-118.22688,0.029181625694036484,"{""type"":""MultiPoint"",""coordinates"":[]}"
2021_06_19,2021-06-19,34.06659,-118.22688,0.2207862138748169,"{""type"":""MultiPoint"",""coordinates"":[]}"
2021_06_20,2021-06-20,34.06659,-118.22688,0.19719298183918,"{""type"":""MultiPoint"",""coordinates"":[]}"
2021_06_21,2021-06-21,34.06659,-118.22688,0.23381642997264862,"{""type"":""MultiPoint"",""coordinates"":[]}"
2021_06_22,2021-06-22,34.06659,-118.22688,0.2460882067680359,"{""type"":""MultiPoint"",""coordinates"":[]}"
2021_06_23,2021-06-23,34.06659,-118.22688,0.1620698720216751,"{""type"":""MultiPoint"",""coordinates"":[]}"
2021_06_24,2021-06-24,34.06659,-118.22688,0.1808236837387085,"{""type"":""MultiPoint"",""coordinates"":[]}"
2021_06_25,2021-06-25,34.06659,-118.22688,0.24576056003570557,"{""type"":""MultiPoint"",""coordinates"":[]}"
2021_06_26,2021-06-26,34.06659,-118.22688,0.2033848911523819,"{""type"":""MultiPoint"",""coordinates"":[]}"
2021_06_27,2021-06-27,34.06659,-118.22688,0.20336392521858215,"{""type"":""MultiPoint"",""coordinates"":[]}"
2021_06_28,2021-06-28,34.06659,-118.22688,0.22017157077789307,"{""type"":""MultiPoint"",""coordinates"":[]}"
2021_06_29,2021-06-29,34.06659,-118.22688,0.01332582626491785,"{""type"":""MultiPoint"",""coordinates"":[]}"
2021_06_30,2021-06-30,34.06659,-118.22688,0.23101194202899933,"{""type"":""MultiPoint"",""coordinates"":[]}"
2021_07_01,2021-07-01,34.06659,-118.22688,0.19278688728809357,"{""type"":""MultiPoint"",""coordinates"":[]}"
2021_07_02,2021-07-02,34.06659,-118.22688,0.2125674933195114,"{""type"":""MultiPoint"",""coordinates"":[]}"
2021_07_03,2021-07-03,34.06659,-118.22688,0.22500000894069672,"{""type"":""MultiPoint"",""coordinates"":[]}"
2021_07_04,2021-07-04,34.06659,-118.22688,0.236129030585289,"{""type"":""MultiPoint"",""coordinates"":[]}"
2021_07_05,2021-07-05,34.06659,-118.22688,0.2504931092262268,"{""type"":""MultiPoint"",""coordinates"":[]}"
2021_07_06,2021-07-06,34.06659,-118.22688,0.2214258760213852,"{""type"":""MultiPoint"",""coordinates"":[]}"
2021_07_07,2021-07-07,34.06659,-118.22688,0.2164801061153412,"{""type"":""MultiPoint"",""coordinates"":[]}"
2021_07_08,2021-07-08,34.06659,-118.22688,0.19924812018871307,"{""type"":""MultiPoint"",""coordinates"":[]}"
2021_07_09,2021-07-09,34.06659,-118.22688,0.19711191952228546,"{""type"":""MultiPoint"",""coordinates"":[]}"
2021_07_10,2021-07-10,34.06659,-118.22688,0.15987974405288696,"{""type"":""MultiPoint"",""coordinates"":[]}"
2021_07_11,2021-07-11,34.06659,-118.22688,0.21674615144729614,"{""type"":""MultiPoint"",""coordinates"":[]}"
2021_07_12,2021-07-12,34.06659,-118.22688,0.21191221475601196,"{""type"":""MultiPoint"",""coordinates"":[]}"
2021_07_13,2021-07-13,34.06659,-118.22688,0.18961624801158905,"{""type"":""MultiPoint"",""coordinates"":[]}"
2021_07_14,2021-07-14,34.06659,-118.22688,0.21180930733680725,"{""type"":""MultiPoint"",""coordinates"":[]}"
2021_07_15,2021-07-15,34.06659,-118.22688,0.20257234573364258,"{""type"":""MultiPoint"",""coordinates"":[]}"
2021_07_16,2021-07-16,34.06659,-118.22688,0.21350452303886414,"{""type"":""MultiPoint"",""coordinates"":[]}"
2021_07_17,2021-07-17,34.06659,-118.22688,0.1759289652109146,"{""type"":""MultiPoint"",""coordinates"":[]}"
2021_07_18,2021-07-18,34.06659,-118.22688,0.23146292567253113,"{""type"":""MultiPoint"",""coordinates"":[]}"
2021_07_19,2021-07-19,34.06659,-118.22688,0.21049222350120544,"{""type"":""MultiPoint"",""coordinates"":[]}"
2021_07_20,2021-07-20,34.06659,-118.22688,0.2227787971496582,"{""type"":""MultiPoint"",""coordinates"":[]}"
2021_07_21,2021-07-21,34.06659,-118.22688,0.22398589551448822,"{""type"":""MultiPoint"",""coordinates"":[]}"
2021_07_22,2021-07-22,34.06659,-118.22688,0.208587184548378,"{""type"":""MultiPoint"",""coordinates"":[]}"
2021_07_23,2021-07-23,34.06659,-118.22688,0.19763034582138062,"{""type"":""MultiPoint"",""coordinates"":[]}"
2021_07_24,2021-07-24,34.06659,-118.22688,0.2682395577430725,"{""type"":""MultiPoint"",""coordinates"":[]}"
2021_07_25,2021-07-25,34.06659,-118.22688,0.2180188000202179,"{""type"":""MultiPoint"",""coordinates"":[]}"
2021_07_26,2021-07-26,34.06659,-118.22688,0.0026638945564627647,"{""type"":""MultiPoint"",""coordinates"":[]}"
2021_07_27,2021-07-27,34.06659,-118.22688,0.23465703427791595,"{""type"":""MultiPoint"",""coordinates"":[]}"
2021_07_28,2021-07-28,34.06659,-118.22688,0.24082568287849426,"{""type"":""MultiPoint"",""coordinates"":[]}"
2021_07_29,2021-07-29,34.06659,-118.22688,0.22320550680160522,"{""type"":""MultiPoint"",""coordinates"":[]}"
2021_07_30,2021-07-30,34.06659,-118.22688,0.1976625919342041,"{""type"":""MultiPoint"",""coordinates"":[]}"
2021_07_31,2021-07-31,34.06659,-118.22688,0.23571428656578064,"{""type"":""MultiPoint"",""coordinates"":[]}"
2021_08_01,2021-08-01,34.06659,-118.22688,0.19798119366168976,"{""type"":""MultiPoint"",""coordinates"":[]}"
2021_08_02,2021-08-02,34.06659,-118.22688,0.20000000298023224,"{""type"":""MultiPoint"",""coordinates"":[]}"
2021_08_03,2021-08-03,34.06659,-118.22688,0.2110925167798996,"{""type"":""MultiPoint"",""coordinates"":[]}"
2021_08_04,2021-08-04,34.06659,-118.22688,0.22304001450538635,"{""type"":""MultiPoint"",""coordinates"":[]}"
2021_08_05,2021-08-05,34.06659,-118.22688,0.2485664337873459,"{""type"":""MultiPoint"",""coordinates"":[]}"
2021_08_06,2021-08-06,34.06659,-118.22688,0.22836345434188843,"{""type"":""MultiPoint"",""coordinates"":[]}"
2021_08_07,2021-08-07,34.06659,-118.22688,0.24407151341438293,"{""type"":""MultiPoint"",""coordinates"":[]}"
2021_08_08,2021-08-08,34.06659,-118.22688,0.24283871054649353,"{""type"":""MultiPoint"",""coordinates"":[]}"
2021_08_09,2021-08-09,34.06659,-118.22688,0.2523985207080841,"{""type"":""MultiPoint"",""coordinates"":[]}"
2021_08_10,2021-08-10,34.06659,-118.22688,0.23532266914844513,"{""type"":""MultiPoint"",""coordinates"":[]}"
2021_08_11,2021-08-11,34.06659,-118.22688,0.10036743432283401,"{""type"":""MultiPoint"",""coordinates"":[]}"
2021_08_12,2021-08-12,34.06659,-118.22688,0.2431342899799347,"{""type"":""MultiPoint"",""coordinates"":[]}"
2021_08_13,2021-08-13,34.06659,-118.22688,0.2196444571018219,"{""type"":""MultiPoint"",""coordinates"":[]}"
2021_08_14,2021-08-14,34.06659,-118.22688,0.22345954179763794,"{""type"":""MultiPoint"",""coordinates"":[]}"
2021_08_15,2021-08-15,34.06659,-118.22688,0.23469668626785278,"{""type"":""MultiPoint"",""coordinates"":[]}"
2021_08_16,2021-08-16,34.06659,-118.22688,0.19604501128196716,"{""type"":""MultiPoint"",""coordinates"":[]}"
2021_08_17,2021-08-17,34.06659,-118.22688,0.2050955444574356,"{""type"":""MultiPoint"",""coordinates"":[]}"
2021_08_18,2021-08-18,34.06659,-118.22688,0.017307082191109657,"{""type"":""MultiPoint"",""coordinates"":[]}"
2021_08_19,2021-08-19,34.06659,-118.22688,0.0844469740986824,"{""type"":""MultiPoint"",""coordinates"":[]}"
2021_08_20,2021-08-20,34.06659,-118.22688,0.04578427970409393,"{""type"":""MultiPoint"",""coordinates"":[]}"
2021_08_21,2021-08-21,34.06659,-118.22688,0.014412341639399529,"{""type"":""MultiPoint"",""coordinates"":[]}"
2021_08_22,2021-08-22,34.06659,-118.22688,0.03934871032834053,"{""type"":""MultiPoint"",""coordinates"":[]}"
2021_08_23,2021-08-23,34.06659,-118.22688,0.25613275170326233,"{""type"":""MultiPoint"",""coordinates"":[]}"
2021_08_24,2021-08-24,34.06659,-118.22688,0.24653595685958862,"{""type"":""MultiPoint"",""coordinates"":[]}"
2021_08_25,2021-08-25,34.06659,-118.22688,0.18057864904403687,"{""type"":""MultiPoint"",""coordinates"":[]}"
2021_08_26,2021-08-26,34.06659,-118.22688,0.2290872037410736,"{""type"":""MultiPoint"",""coordinates"":[]}"
2021_08_27,2021-08-27,34.06659,-118.22688,0.2180602103471756,"{""type"":""MultiPoint"",""coordinates"":[]}"
2021_08_28,2021-08-28,34.06659,-118.22688,0.20136351883411407,"{""type"":""MultiPoint"",""coordinates"":[]}"
2021_08_29,2021-08-29,34.06659,-118.22688,0.22326569259166718,"{""type"":""MultiPoint"",""coordinates"":[]}"
2021_08_30,2021-08-30,34.06659,-118.22688,0.18080508708953857,"{""type"":""MultiPoint"",""coordinates"":[]}"
2021_08_31,2021-08-31,34.06659,-118.22688,0.07744920253753662,"{""type"":""MultiPoint"",""coordinates"":[]}"
2021_09_01,2021-09-01,34.06659,-118.22688,0.009798940271139145,"{""type"":""MultiPoint"",""coordinates"":[]}"
2021_09_02,2021-09-02,34.06659,-118.22688,0.029781399294734,"{""type"":""MultiPoint"",""coordinates"":[]}"
2021_09_03,2021-09-03,34.06659,-118.22688,0.2218358814716339,"{""type"":""MultiPoint"",""coordinates"":[]}"
2021_09_04,2021-09-04,34.06659,-118.22688,0.230807825922966,"{""type"":""MultiPoint"",""coordinates"":[]}"
2021_09_05,2021-09-05,34.06659,-118.22688,0.2302110642194748,"{""type"":""MultiPoint"",""coordinates"":[]}"
2021_09_06,2021-09-06,34.06659,-118.22688,0.23702377080917358,"{""type"":""MultiPoint"",""coordinates"":[]}"
2021_09_07,2021-09-07,34.06659,-118.22688,0.23954136669635773,"{""type"":""MultiPoint"",""coordinates"":[]}"
2021_09_08,2021-09-08,34.06659,-118.22688,0.2560423016548157,"{""type"":""MultiPoint"",""coordinates"":[]}"
2021_09_09,2021-09-09,34.06659,-118.22688,0.22284793853759766,"{""type"":""MultiPoint"",""coordinates"":[]}"
2021_09_10,2021-09-10,34.06659,-118.22688,0.2054305076599121,"{""type"":""MultiPoint"",""coordinates"":[]}"
2021_09_11,2021-09-11,34.06659,-118.22688,0.2473118156194687,"{""type"":""MultiPoint"",""coordinates"":[]}"
2021_09_12,2021-09-12,34.06659,-118.22688,0.22361722588539124,"{""type"":""MultiPoint"",""coordinates"":[]}"
2021_09_13,2021-09-13,34.06659,-118.22688,0.22491349279880524,"{""type"":""MultiPoint"",""coordinates"":[]}"
2021_09_14,2021-09-14,34.06659,-118.22688,0.2139020562171936,"{""type"":""MultiPoint"",""coordinates"":[]}"
2021_09_15,2021-09-15,34.06659,-118.22688,0.22075949609279633,"{""type"":""MultiPoint"",""coordinates"":[]}"
2021_09_16,2021-09-16,34.06659,-118.22688,0.20600353181362152,"{""type"":""MultiPoint"",""coordinates"":[]}"
2021_09_17,2021-09-17,34.06659,-118.22688,0.20769231021404266,"{""type"":""MultiPoint"",""coordinates"":[]}"
2021_09_18,2021-09-18,34.06659,-118.22688,0.23297110199928284,"{""type"":""MultiPoint"",""coordinates"":[]}"
2021_09_19,2021-09-19,34.06659,-118.22688,0.21321526169776917,"{""type"":""MultiPoint"",""coordinates"":[]}"
2021_09_20,2021-09-20,34.06659,-118.22688,0.23113331198692322,"{""type"":""MultiPoint"",""coordinates"":[]}"
2021_09_21,2021-09-21,34.06659,-118.22688,0.1812749058008194,"{""type"":""MultiPoint"",""coordinates"":[]}"
2021_09_22,2021-09-22,34.06659,-118.22688,,"{""type"":""MultiPoint"",""coordinates"":[]}"
2021_09_23,2021-09-23,34.06659,-118.22688,0.19743365049362183,"{""type"":""MultiPoint"",""coordinates"":[]}"
2021_09_24,2021-09-24,34.06659,-118.22688,0.24446143209934235,"{""type"":""MultiPoint"",""coordinates"":[]}"
2021_09_25,2021-09-25,34.06659,-118.22688,0.20234113931655884,"{""type"":""MultiPoint"",""coordinates"":[]}"
2021_09_26,2021-09-26,34.06659,-118.22688,0.022140221670269966,"{""type"":""MultiPoint"",""coordinates"":[]}"
2021_09_27,2021-09-27,34.06659,-118.22688,0.023836281150579453,"{""type"":""MultiPoint"",""coordinates"":[]}"
2021_09_28,2021-09-28,34.06659,-118.22688,0.013063400983810425,"{""type"":""MultiPoint"",""coordinates"":[]}"
2021_09_29,2021-09-29,34.06659,-118.22688,0.2270408272743225,"{""type"":""MultiPoint"",""coordinates"":[]}"
2021_09_30,2021-09-30,34.06659,-118.22688,0.22250640392303467,"{""type"":""MultiPoint"",""coordinates"":[]}"
2021_10_01,2021-10-01,34.06659,-118.22688,0.23632557690143585,"{""type"":""MultiPoint"",""coordinates"":[]}"
2021_10_02,2021-10-02,34.06659,-118.22688,0.16497309505939484,"{""type"":""MultiPoint"",""coordinates"":[]}"
2021_10_03,2021-10-03,34.06659,-118.22688,0.23779773712158203,"{""type"":""MultiPoint"",""coordinates"":[]}"
2021_10_04,2021-10-04,34.06659,-118.22688,0.03263850882649422,"{""type"":""MultiPoint"",""coordinates"":[]}"
2021_10_05,2021-10-05,34.06659,-118.22688,0.20740486681461334,"{""type"":""MultiPoint"",""coordinates"":[]}"
2021_10_06,2021-10-06,34.06659,-118.22688,0.015412080101668835,"{""type"":""MultiPoint"",""coordinates"":[]}"
2021_10_07,2021-10-07,34.06659,-118.22688,0.004284621216356754,"{""type"":""MultiPoint"",""coordinates"":[]}"
2021_10_08,2021-10-08,34.06659,-118.22688,0.009215016849339008,"{""type"":""MultiPoint"",""coordinates"":[]}"
2021_10_09,2021-10-09,34.06659,-118.22688,0.1929289847612381,"{""type"":""MultiPoint"",""coordinates"":[]}"
2021_10_10,2021-10-10,34.06659,-118.22688,0.2564796805381775,"{""type"":""MultiPoint"",""coordinates"":[]}"
2021_10_11,2021-10-11,34.06659,-118.22688,0.03892970830202103,"{""type"":""MultiPoint"",""coordinates"":[]}"
2021_10_12,2021-10-12,34.06659,-118.22688,0.21833449602127075,"{""type"":""MultiPoint"",""coordinates"":[]}"
2021_10_13,2021-10-13,34.06659,-118.22688,0.2219293713569641,"{""type"":""MultiPoint"",""coordinates"":[]}"
2021_10_14,2021-10-14,34.06659,-118.22688,0.23103448748588562,"{""type"":""MultiPoint"",""coordinates"":[]}"
2021_10_15,2021-10-15,34.06659,-118.22688,0.22173349559307098,"{""type"":""MultiPoint"",""coordinates"":[]}"
2021_10_16,2021-10-16,34.06659,-118.22688,0.23004400730133057,"{""type"":""MultiPoint"",""coordinates"":[]}"
2021_10_17,2021-10-17,34.06659,-118.22688,0.24904797971248627,"{""type"":""MultiPoint"",""coordinates"":[]}"
2021_10_18,2021-10-18,34.06659,-118.22688,0.24698607623577118,"{""type"":""MultiPoint"",""coordinates"":[]}"
2021_10_19,2021-10-19,34.06659,-118.22688,0.25583091378211975,"{""type"":""MultiPoint"",""coordinates"":[]}"
2021_10_20,2021-10-20,34.06659,-118.22688,0.22703935205936432,"{""type"":""MultiPoint"",""coordinates"":[]}"
2021_10_21,2021-10-21,34.06659,-118.22688,0.22749821841716766,"{""type"":""MultiPoint"",""coordinates"":[]}"
2021_10_22,2021-10-22,34.06659,-118.22688,0.16601647436618805,"{""type"":""MultiPoint"",""coordinates"":[]}"
2021_10_23,2021-10-23,34.06659,-118.22688,0.014516797848045826,"{""type"":""MultiPoint"",""coordinates"":[]}"
2021_10_24,2021-10-24,34.06659,-118.22688,0.05398094654083252,"{""type"":""MultiPoint"",""coordinates"":[]}"
2021_10_25,2021-10-25,34.06659,-118.22688,-0.014102032408118248,"{""type"":""MultiPoint"",""coordinates"":[]}"
2021_10_26,2021-10-26,34.06659,-118.22688,0.2937399744987488,"{""type"":""MultiPoint"",""coordinates"":[]}"
2021_10_27,2021-10-27,34.06659,-118.22688,0.23062843084335327,"{""type"":""MultiPoint"",""coordinates"":[]}"
2021_10_28,2021-10-28,34.06659,-118.22688,0.2514285743236542,"{""type"":""MultiPoint"",""coordinates"":[]}"
2021_10_29,2021-10-29,34.06659,-118.22688,0.22954855859279633,"{""type"":""MultiPoint"",""coordinates"":[]}"
2021_10_30,2021-10-30,34.06659,-118.22688,0.14533492922782898,"{""type"":""MultiPoint"",""coordinates"":[]}"
2021_10_31,2021-10-31,34.06659,-118.22688,0.015074669383466244,"{""type"":""MultiPoint"",""coordinates"":[]}"
2021_11_01,2021-11-01,34.06659,-118.22688,-0.005465476308017969,"{""type"":""MultiPoint"",""coordinates"":[]}"
2021_11_02,2021-11-02,34.06659,-118.22688,0.03382480517029762,"{""type"":""MultiPoint"",""coordinates"":[]}"
2021_11_03,2021-11-03,34.06659,-118.22688,0.17296960949897766,"{""type"":""MultiPoint"",""coordinates"":[]}"
2021_11_04,2021-11-04,34.06659,-118.22688,0.20492865145206451,"{""type"":""MultiPoint"",""coordinates"":[]}"
2021_11_05,2021-11-05,34.06659,-118.22688,0.2055359184741974,"{""type"":""MultiPoint"",""coordinates"":[]}"
2021_11_06,2021-11-06,34.06659,-118.22688,0.1900273710489273,"{""type"":""MultiPoint"",""coordinates"":[]}"
2021_11_07,2021-11-07,34.06659,-118.22688,0.1557319611310959,"{""type"":""MultiPoint"",""coordinates"":[]}"
2021_11_08,2021-11-08,34.06659,-118.22688,0.21494057774543762,"{""type"":""MultiPoint"",""coordinates"":[]}"
2021_11_09,2021-11-09,34.06659,-118.22688,0.1251097470521927,"{""type"":""MultiPoint"",""coordinates"":[]}"
2021_11_10,2021-11-10,34.06659,-118.22688,0.21234798431396484,"{""type"":""MultiPoint"",""coordinates"":[]}"
2021_11_11,2021-11-11,34.06659,-118.22688,0.329623281955719,"{""type"":""MultiPoint"",""coordinates"":[]}"
2021_11_12,2021-11-12,34.06659,-118.22688,0.21339422464370728,"{""type"":""MultiPoint"",""coordinates"":[]}"
2021_11_13,2021-11-13,34.06659,-118.22688,0.2610321640968323,"{""type"":""MultiPoint"",""coordinates"":[]}"
2021_11_14,2021-11-14,34.06659,-118.22688,0.2564692199230194,"{""type"":""MultiPoint"",""coordinates"":[]}"
2021_11_15,2021-11-15,34.06659,-118.22688,0.24812030792236328,"{""type"":""MultiPoint"",""coordinates"":[]}"
2021_11_16,2021-11-16,34.06659,-118.22688,0.22070562839508057,"{""type"":""MultiPoint"",""coordinates"":[]}"
2021_11_17,2021-11-17,34.06659,-118.22688,0.03139866888523102,"{""type"":""MultiPoint"",""coordinates"":[]}"
2021_11_18,2021-11-18,34.06659,-118.22688,0.13080169260501862,"{""type"":""MultiPoint"",""coordinates"":[]}"
2021_11_19,2021-11-19,34.06659,-118.22688,0.14315789937973022,"{""type"":""MultiPoint"",""coordinates"":[]}"
2021_11_20,2021-11-20,34.06659,-118.22688,0.1304347813129425,"{""type"":""MultiPoint"",""coordinates"":[]}"
2021_11_21,2021-11-21,34.06659,-118.22688,0.23239876329898834,"{""type"":""MultiPoint"",""coordinates"":[]}"
2021_11_22,2021-11-22,34.06659,-118.22688,0.22814498841762543,"{""type"":""MultiPoint"",""coordinates"":[]}"
2021_11_23,2021-11-23,34.06659,-118.22688,0.24241594970226288,"{""type"":""MultiPoint"",""coordinates"":[]}"
2021_11_24,2021-11-24,34.06659,-118.22688,0.20699499547481537,"{""type"":""MultiPoint"",""coordinates"":[]}"
2021_11_25,2021-11-25,34.06659,-118.22688,0.2109375,"{""type"":""MultiPoint"",""coordinates"":[]}"
2021_11_26,2021-11-26,34.06659,-118.22688,0.2122657597064972,"{""type"":""MultiPoint"",""coordinates"":[]}"
2021_11_27,2021-11-27,34.06659,-118.22688,0.25930893421173096,"{""type"":""MultiPoint"",""coordinates"":[]}"
2021_11_28,2021-11-28,34.06659,-118.22688,0.2284524142742157,"{""type"":""MultiPoint"",""coordinates"":[]}"
2021_11_29,2021-11-29,34.06659,-118.22688,0.25659117102622986,"{""type"":""MultiPoint"",""coordinates"":[]}"
2021_11_30,2021-11-30,34.06659,-118.22688,0.217340350151062,"{""type"":""MultiPoint"",""coordinates"":[]}"
2021_12_01,2021-12-01,34.06659,-118.22688,0.22115041315555573,"{""type"":""MultiPoint"",""coordinates"":[]}"
2021_12_02,2021-12-02,34.06659,-118.22688,0.14132961630821228,"{""type"":""MultiPoint"",""coordinates"":[]}"
2021_12_03,2021-12-03,34.06659,-118.22688,0.12675251066684723,"{""type"":""MultiPoint"",""coordinates"":[]}"
2021_12_04,2021-12-04,34.06659,-118.22688,0.008085381239652634,"{""type"":""MultiPoint"",""coordinates"":[]}"
2021_12_05,2021-12-05,34.06659,-118.22688,0.04035663977265358,"{""type"":""MultiPoint"",""coordinates"":[]}"
2021_12_06,2021-12-06,34.06659,-118.22688,0.12334802001714706,"{""type"":""MultiPoint"",""coordinates"":[]}"
2021_12_07,2021-12-07,34.06659,-118.22688,0.024318106472492218,"{""type"":""MultiPoint"",""coordinates"":[]}"
2021_12_08,2021-12-08,34.06659,-118.22688,0.22885572910308838,"{""type"":""MultiPoint"",""coordinates"":[]}"
2021_12_09,2021-12-09,34.06659,-118.22688,-0.007551081012934446,"{""type"":""MultiPoint"",""coordinates"":[]}"
2021_12_10,2021-12-10,34.06659,-118.22688,0.009779516607522964,"{""type"":""MultiPoint"",""coordinates"":[]}"
2021_12_11,2021-12-11,34.06659,-118.22688,0.25172150135040283,"{""type"":""MultiPoint"",""coordinates"":[]}"
2021_12_12,2021-12-12,34.06659,-118.22688,0.21125805377960205,"{""type"":""MultiPoint"",""coordinates"":[]}"
2021_12_13,2021-12-13,34.06659,-118.22688,-0.0036511155776679516,"{""type"":""MultiPoint"",""coordinates"":[]}"
2021_12_14,2021-12-14,34.06659,-118.22688,0.003187759080901742,"{""type"":""MultiPoint"",""coordinates"":[]}"
2021_12_15,2021-12-15,34.06659,-118.22688,0.2524167597293854,"{""type"":""MultiPoint"",""coordinates"":[]}"
2021_12_16,2021-12-16,34.06659,-118.22688,0.12703697383403778,"{""type"":""MultiPoint"",""coordinates"":[]}"
2021_12_17,2021-12-17,34.06659,-118.22688,0.2593133747577667,"{""type"":""MultiPoint"",""coordinates"":[]}"
2021_12_18,2021-12-18,34.06659,-118.22688,0.24835941195487976,"{""type"":""MultiPoint"",""coordinates"":[]}"
2021_12_19,2021-12-19,34.06659,-118.22688,0.24105650186538696,"{""type"":""MultiPoint"",""coordinates"":[]}"
2021_12_20,2021-12-20,34.06659,-118.22688,0.22368724644184113,"{""type"":""MultiPoint"",""coordinates"":[]}"
2021_12_21,2021-12-21,34.06659,-118.22688,0.07765264064073563,"{""type"":""MultiPoint"",""coordinates"":[]}"
2021_12_22,2021-12-22,34.06659,-118.22688,0.007040780503302813,"{""type"":""MultiPoint"",""coordinates"":[]}"
2021_12_23,2021-12-23,34.06659,-118.22688,-0.016108863055706024,"{""type"":""MultiPoint"",""coordinates"":[]}"
2021_12_24,2021-12-24,34.06659,-118.22688,0.02361537516117096,"{""type"":""MultiPoint"",""coordinates"":[]}"
2021_12_25,2021-12-25,34.06659,-118.22688,-0.004676380660384893,"{""type"":""MultiPoint"",""coordinates"":[]}"
2021_12_26,2021-12-26,34.06659,-118.22688,0.20935960114002228,"{""type"":""MultiPoint"",""coordinates"":[]}"
2021_12_27,2021-12-27,34.06659,-118.22688,0.240723118185997,"{""type"":""MultiPoint"",""coordinates"":[]}"
2021_12_28,2021-12-28,34.06659,-118.22688,0.17863336205482483,"{""type"":""MultiPoint"",""coordinates"":[]}"
2021_12_29,2021-12-29,34.06659,-118.22688,0.012239806354045868,"{""type"":""MultiPoint"",""coordinates"":[]}"
2021_12_30,2021-12-30,34.06659,-118.22688,-0.0012519560987129807,"{""type"":""MultiPoint"",""coordinates"":[]}"
